Time,Control Signal,Reference,Response
0.0,3.4,2.4,1.4
4.0,3.5,2.5,1.5
6.0,3.6,2.6,1.6
8.0,3.2,2.2,1.2
10.0,3.3,2.3,1.3
12.0,3.7,2.7,1.7
14.0,3.8,2.8,1.8
16.0,3.9,2.9,1.9
18.0,4.0,3.0,2.0
20.0,4.1,3.1,2.1
22.0,4.2,3.2,2.2
24.0,4.3,3.3,2.3
26.0,4.4,3.4,2.4
28.0,4.5,3.5,2.5
30.0,4.6,3.6,2.6
32.0,4.7,3.7,2.7
34.0,4.8,3.8,2.8
36.0,4.9,3.9,2.9
38.0,5.0,4.0,3.0
40.0,5.1,4.1,3.1
42.0,5.2,4.2,3.2
44.0,5.3,4.3,3.3
46.0,5.4,4.4,3.4
48.0,5.5,4.5,3.5
50.0,5.6,4.6,3.6
52.0,5.7,4.7,3.7
54.0,5.8,4.8,3.8
56.0,5.9,4.9,3.9
58.0,6.0,5.0,4.0
60.0,6.1,5.1,4.1
62.0,6.2,5.2,4.2
64.0,6.3,5.3,4.3
66.0,6.4,5.4,4.4
68.0,6.5,5.5,4.5
70.0,6.6,5.6,4.6
72.0,6.7,5.7,4.7
74.0,6.8,5.8,4.8
76.0,6.9,5.9,4.9
78.0,7.0,6.0,5.0
80.0,7.1,6.1,5.1
82.0,7.2,6.2,5.2
84.0,7.3,6.3,5.3
86.0,7.4,6.4,5.4
88.0,7.5,6.5,5.5
90.0,7.6,6.6,5.6
92.0,7.7,6.7,5.7
94.0,7.8,6.8,5.8
96.0,7.9,6.9,5.9
98.0,8.0,7.0,6.0
100.0,8.1,7.1,6.1
102.0,8.2,7.2,6.2
104.0,8.3,7.3,6.3
106.0,8.4,7.4,6.4
108.0,8.5,7.5,6.5
110.0,8.6,7.6,6.6
112.0,8.7,7.7,6.7
114.0,8.8,7.8,6.8
116.0,8.9,7.9,6.9
118.0,9.0,8.0,7.0
120.0,9.1,8.1,7.1
122.0,9.2,8.2,7.2
124.0,9.3,8.3,7.3
126.0,9.4,8.4,7.4
128.0,9.5,8.5,7.5
130.0,9.6,8.6,7.6
132.0,9.7,8.7,7.7
134.0,9.8,8.8,7.8
136.0,9.9,8.9,7.9
138.0,10.0,9.0,8.0
140.0,10.1,9.1,8.1
142.0,10.2,9.2,8.2
144.0,10.3,9.3,8.3
146.0,10.4,9.4,8.4
148.0,10.5,9.5,8.5
150.0,10.6,9.6,8.6
152.0,10.7,9.7,8.7
154.0,10.8,9.8,8.8
156.0,10.9,9.9,8.9
158.0,11.0,10.0,9.0
160.0,11.1,10.1,9.1
162.0,11.2,10.2,9.2
164.0,11.3,10.3,9.3
166.0,11.4,10.4,9.4
168.0,11.5,10.5,9.5
170.0,11.6,10.6,9.6
172.0,11.7,10.7,9.7
174.0,11.8,10.8,9.8
176.0,11.9,10.9,9.9
178.0,3.0,2.0,1.0
180.0,3.1,2.1,1.1
182.0,3.2,2.2,1.2
184.0,3.3,2.3,1.3
186.0,3.4,2.4,1.4
188.0,3.5,2.5,1.5
190.0,3.6,2.6,1.6
192.0,3.7,2.7,1.7
194.0,3.8,2.8,1.8
196.0,3.9,2.9,1.9
198.0,4.0,3.0,2.0
200.0,4.1,3.1,2.1
202.0,4.2,3.2,2.2
204.0,4.3,3.3,2.3
206.0,4.4,3.4,2.4
208.0,4.5,3.5,2.5
210.0,4.6,3.6,2.6
212.0,4.7,3.7,2.7
214.0,4.8,3.8,2.8
216.0,4.9,3.9,2.9
218.0,5.0,4.0,3.0
220.0,5.1,4.1,3.1
222.0,5.2,4.2,3.2
224.0,5.3,4.3,3.3
226.0,5.4,4.4,3.4
228.0,5.5,4.5,3.5
230.0,5.6,4.6,3.6
232.0,5.7,4.7,3.7
234.0,5.8,4.8,3.8
236.0,5.9,4.9,3.9
238.0,6.0,5.0,4.0
240.0,6.1,5.1,4.1
242.0,6.2,5.2,4.2
244.0,6.3,5.3,4.3
246.0,6.4,5.4,4.4
248.0,6.5,5.5,4.5
250.0,6.6,5.6,4.6
252.0,6.7,5.7,4.7
254.0,6.8,5.8,4.8
256.0,6.9,5.9,4.9
258.0,7.0,6.0,5.0
260.0,7.1,6.1,5.1
262.0,7.2,6.2,5.2
264.0,7.3,6.3,5.3
266.0,7.4,6.4,5.4
268.0,7.5,6.5,5.5
270.0,7.6,6.6,5.6
272.0,7.7,6.7,5.7
274.0,7.8,6.8,5.8
276.0,7.9,6.9,5.9
278.0,8.0,7.0,6.0
280.0,8.1,7.1,6.1
282.0,8.2,7.2,6.2
284.0,8.3,7.3,6.3
286.0,8.4,7.4,6.4
288.0,8.5,7.5,6.5
290.0,8.6,7.6,6.6
292.0,8.7,7.7,6.7
294.0,8.8,7.8,6.8
296.0,8.9,7.9,6.9
298.0,9.0,8.0,7.0
300.0,9.1,8.1,7.1
302.0,9.2,8.2,7.2
304.0,9.3,8.3,7.3
306.0,9.4,8.4,7.4
308.0,9.5,8.5,7.5
310.0,9.6,8.6,7.6
312.0,9.7,8.7,7.7
314.0,9.8,8.8,7.8
316.0,9.9,8.9,7.9
318.0,10.0,9.0,8.0
320.0,10.1,9.1,8.1
322.0,10.2,9.2,8.2
324.0,10.3,9.3,8.3
326.0,10.4,9.4,8.4
328.0,10.5,9.5,8.5
330.0,10.6,9.6,8.6
332.0,10.7,9.7,8.7
334.0,10.8,9.8,8.8
336.0,10.9,9.9,8.9
338.0,11.0,10.0,9.0
340.0,11.1,10.1,9.1
342.0,11.2,10.2,9.2
344.0,11.3,10.3,9.3
346.0,11.4,10.4,9.4
348.0,11.5,10.5,9.5
350.0,11.6,10.6,9.6
352.0,11.7,10.7,9.7
354.0,11.8,10.8,9.8
356.0,11.9,10.9,9.9
358.0,3.0,2.0,1.0
360.0,3.1,2.1,1.1
362.0,3.2,2.2,1.2
364.0,3.3,2.3,1.3
366.0,3.4,2.4,1.4
368.0,3.5,2.5,1.5
370.0,3.6,2.6,1.6
372.0,3.7,2.7,1.7
374.0,3.8,2.8,1.8
376.0,3.9,2.9,1.9
378.0,4.0,3.0,2.0
380.0,4.1,3.1,2.1
382.0,4.2,3.2,2.2
384.0,4.3,3.3,2.3
386.0,4.4,3.4,2.4
388.0,4.5,3.5,2.5
390.0,4.6,3.6,2.6
392.0,4.7,3.7,2.7
394.0,4.8,3.8,2.8
396.0,4.9,3.9,2.9
398.0,5.0,4.0,3.0
400.0,5.1,4.1,3.1
402.0,5.2,4.2,3.2
404.0,5.3,4.3,3.3
406.0,5.4,4.4,3.4
408.0,5.5,4.5,3.5
410.0,5.6,4.6,3.6
412.0,5.7,4.7,3.7
414.0,5.8,4.8,3.8
416.0,5.9,4.9,3.9
418.0,6.0,5.0,4.0
420.0,6.1,5.1,4.1
422.0,6.2,5.2,4.2
424.0,6.3,5.3,4.3
426.0,6.4,5.4,4.4
428.0,6.5,5.5,4.5
430.0,6.6,5.6,4.6
432.0,6.7,5.7,4.7
434.0,6.8,5.8,4.8
436.0,6.9,5.9,4.9
438.0,7.0,6.0,5.0
440.0,7.1,6.1,5.1
442.0,7.2,6.2,5.2
444.0,7.3,6.3,5.3
446.0,7.4,6.4,5.4
448.0,7.5,6.5,5.5
450.0,7.6,6.6,5.6
452.0,7.7,6.7,5.7
454.0,7.8,6.8,5.8
456.0,7.9,6.9,5.9
458.0,8.0,7.0,6.0
460.0,8.1,7.1,6.1
462.0,8.2,7.2,6.2
464.0,8.3,7.3,6.3
466.0,8.4,7.4,6.4
468.0,8.5,7.5,6.5
470.0,8.6,7.6,6.6
472.0,8.7,7.7,6.7
474.0,8.8,7.8,6.8
476.0,8.9,7.9,6.9
478.0,9.0,8.0,7.0
480.0,9.1,8.1,7.1
482.0,9.2,8.2,7.2
484.0,9.3,8.3,7.3
486.0,9.4,8.4,7.4
488.0,9.5,8.5,7.5
490.0,9.6,8.6,7.6
492.0,9.7,8.7,7.7
494.0,9.8,8.8,7.8
496.0,9.9,8.9,7.9
498.0,10.0,9.0,8.0
500.0,10.1,9.1,8.1
502.0,10.2,9.2,8.2
504.0,10.3,9.3,8.3
506.0,10.4,9.4,8.4
508.0,10.5,9.5,8.5
510.0,10.6,9.6,8.6
512.0,10.7,9.7,8.7
514.0,10.8,9.8,8.8
516.0,10.9,9.9,8.9
518.0,11.0,10.0,9.0
520.0,11.1,10.1,9.1
522.0,11.2,10.2,9.2
524.0,11.3,10.3,9.3
526.0,11.4,10.4,9.4
528.0,11.5,10.5,9.5
530.0,11.6,10.6,9.6
532.0,11.7,10.7,9.7
534.0,11.8,10.8,9.8
536.0,11.9,10.9,9.9
538.0,3.0,2.0,1.0
540.0,3.1,2.1,1.1
542.0,3.2,2.2,1.2
544.0,3.3,2.3,1.3
546.0,3.4,2.4,1.4
548.0,3.5,2.5,1.5
550.0,3.6,2.6,1.6
552.0,3.7,2.7,1.7
554.0,3.8,2.8,1.8
556.0,3.9,2.9,1.9
558.0,4.0,3.0,2.0
560.0,4.1,3.1,2.1
562.0,4.2,3.2,2.2
564.0,4.3,3.3,2.3
566.0,4.4,3.4,2.4
568.0,4.5,3.5,2.5
570.0,4.6,3.6,2.6
572.0,4.7,3.7,2.7
574.0,4.8,3.8,2.8
576.0,4.9,3.9,2.9
578.0,5.0,4.0,3.0
580.0,5.1,4.1,3.1
582.0,5.2,4.2,3.2
584.0,5.3,4.3,3.3
586.0,5.4,4.4,3.4
588.0,5.5,4.5,3.5
590.0,5.6,4.6,3.6
592.0,5.7,4.7,3.7
594.0,5.8,4.8,3.8
596.0,5.9,4.9,3.9
598.0,6.0,5.0,4.0
600.0,6.1,5.1,4.1
602.0,6.2,5.2,4.2
604.0,6.3,5.3,4.3
606.0,6.4,5.4,4.4
608.0,6.5,5.5,4.5
610.0,6.6,5.6,4.6
612.0,6.7,5.7,4.7
614.0,6.8,5.8,4.8
616.0,6.9,5.9,4.9
618.0,7.0,6.0,5.0
620.0,7.1,6.1,5.1
622.0,7.2,6.2,5.2
624.0,7.3,6.3,5.3
626.0,7.4,6.4,5.4
628.0,7.5,6.5,5.5
630.0,7.6,6.6,5.6
632.0,7.7,6.7,5.7
634.0,7.8,6.8,5.8
636.0,7.9,6.9,5.9
638.0,8.0,7.0,6.0
640.0,8.1,7.1,6.1
642.0,8.2,7.2,6.2
644.0,8.3,7.3,6.3
646.0,8.4,7.4,6.4
648.0,8.5,7.5,6.5
650.0,8.6,7.6,6.6
652.0,8.7,7.7,6.7
654.0,8.8,7.8,6.8
656.0,8.9,7.9,6.9
658.0,9.0,8.0,7.0
660.0,9.1,8.1,7.1
662.0,9.2,8.2,7.2
664.0,9.3,8.3,7.3
666.0,9.4,8.4,7.4
668.0,9.5,8.5,7.5
670.0,9.6,8.6,7.6
672.0,9.7,8.7,7.7
674.0,9.8,8.8,7.8
676.0,9.9,8.9,7.9
678.0,10.0,9.0,8.0
680.0,10.1,9.1,8.1
682.0,10.5,9.5,8.5
684.0,10.6,9.6,8.6
686.0,10.7,9.7,8.7
688.0,10.8,9.8,8.8
690.0,10.9,9.9,8.9
692.0,11.0,10.0,9.0
694.0,11.1,10.1,9.1
696.0,11.2,10.2,9.2
698.0,11.3,10.3,9.3
700.0,11.4,10.4,9.4
702.0,11.5,10.5,9.5
704.0,11.6,10.6,9.6
706.0,11.7,10.7,9.7
708.0,11.8,10.8,9.8
710.0,11.9,10.9,9.9
712.0,3.0,2.0,1.0
714.0,3.1,2.1,1.1
716.0,3.2,2.2,1.2
718.0,3.3,2.3,1.3
720.0,3.4,2.4,1.4
722.0,3.5,2.5,1.5
724.0,3.6,2.6,1.6
726.0,3.7,2.7,1.7
728.0,3.8,2.8,1.8
730.0,3.9,2.9,1.9
732.0,4.0,3.0,2.0
734.0,4.1,3.1,2.1
736.0,4.2,3.2,2.2
738.0,4.3,3.3,2.3
740.0,4.4,3.4,2.4
742.0,4.5,3.5,2.5
744.0,4.6,3.6,2.6
746.0,4.7,3.7,2.7
748.0,4.8,3.8,2.8
750.0,4.9,3.9,2.9
752.0,5.0,4.0,3.0
754.0,5.1,4.1,3.1
756.0,5.2,4.2,3.2
758.0,5.3,4.3,3.3
760.0,5.4,4.4,3.4
762.0,5.5,4.5,3.5
764.0,5.6,4.6,3.6
766.0,5.7,4.7,3.7
768.0,5.8,4.8,3.8
770.0,5.9,4.9,3.9
772.0,6.0,5.0,4.0
774.0,6.1,5.1,4.1
776.0,6.2,5.2,4.2
778.0,6.3,5.3,4.3
780.0,6.4,5.4,4.4
782.0,6.5,5.5,4.5
784.0,6.6,5.6,4.6
786.0,6.7,5.7,4.7
788.0,6.8,5.8,4.8
790.0,6.9,5.9,4.9
792.0,7.0,6.0,5.0
794.0,7.1,6.1,5.1
796.0,7.2,6.2,5.2
798.0,7.3,6.3,5.3
800.0,7.4,6.4,5.4
802.0,7.5,6.5,5.5
804.0,7.6,6.6,5.6
806.0,7.7,6.7,5.7
808.0,7.8,6.8,5.8
810.0,7.9,6.9,5.9
812.0,8.0,7.0,6.0
814.0,8.1,7.1,6.1
816.0,8.2,7.2,6.2
818.0,8.3,7.3,6.3
820.0,8.4,7.4,6.4
822.0,8.5,7.5,6.5
824.0,8.6,7.6,6.6
826.0,8.7,7.7,6.7
828.0,8.8,7.8,6.8
830.0,8.9,7.9,6.9
832.0,9.0,8.0,7.0
834.0,9.1,8.1,7.1
836.0,9.2,8.2,7.2
838.0,9.3,8.3,7.3
840.0,9.4,8.4,7.4
842.0,9.5,8.5,7.5
844.0,9.6,8.6,7.6
846.0,9.7,8.7,7.7
848.0,9.8,8.8,7.8
850.0,9.9,8.9,7.9
852.0,10.0,9.0,8.0
854.0,10.1,9.1,8.1
856.0,10.2,9.2,8.2
858.0,10.3,9.3,8.3
860.0,10.4,9.4,8.4
862.0,10.5,9.5,8.5
864.0,10.6,9.6,8.6
866.0,10.7,9.7,8.7
868.0,10.8,9.8,8.8
870.0,10.9,9.9,8.9
872.0,11.0,10.0,9.0
874.0,11.1,10.1,9.1
876.0,11.2,10.2,9.2
878.0,11.3,10.3,9.3
880.0,11.4,10.4,9.4
882.0,11.5,10.5,9.5
884.0,11.6,10.6,9.6
886.0,11.7,10.7,9.7
888.0,11.8,10.8,9.8
890.0,11.9,10.9,9.9
892.0,3.0,2.0,1.0
894.0,3.1,2.1,1.1
896.0,3.2,2.2,1.2
898.0,3.3,2.3,1.3
900.0,3.4,2.4,1.4
902.0,3.5,2.5,1.5
904.0,3.6,2.6,1.6
906.0,3.7,2.7,1.7
908.0,3.8,2.8,1.8
910.0,3.9,2.9,1.9
912.0,4.0,3.0,2.0
914.0,4.1,3.1,2.1
916.0,4.2,3.2,2.2
918.0,4.3,3.3,2.3
920.0,4.4,3.4,2.4
922.0,4.5,3.5,2.5
924.0,4.6,3.6,2.6
926.0,4.7,3.7,2.7
928.0,4.8,3.8,2.8
930.0,4.9,3.9,2.9
932.0,5.0,4.0,3.0
934.0,5.1,4.1,3.1
936.0,5.2,4.2,3.2
938.0,5.3,4.3,3.3
940.0,5.4,4.4,3.4
942.0,5.5,4.5,3.5
944.0,5.6,4.6,3.6
946.0,5.7,4.7,3.7
948.0,5.8,4.8,3.8
950.0,5.9,4.9,3.9
952.0,6.0,5.0,4.0
954.0,6.1,5.1,4.1
956.0,6.2,5.2,4.2
958.0,6.3,5.3,4.3
960.0,6.4,5.4,4.4
962.0,6.5,5.5,4.5
964.0,6.6,5.6,4.6
966.0,6.7,5.7,4.7
968.0,6.8,5.8,4.8
970.0,6.9,5.9,4.9
972.0,7.0,6.0,5.0
974.0,7.1,6.1,5.1
976.0,7.2,6.2,5.2
978.0,7.3,6.3,5.3
980.0,7.4,6.4,5.4
982.0,7.5,6.5,5.5
984.0,7.6,6.6,5.6
986.0,7.7,6.7,5.7
988.0,7.8,6.8,5.8
990.0,7.9,6.9,5.9
992.0,8.0,7.0,6.0
994.0,8.1,7.1,6.1
996.0,8.2,7.2,6.2
998.0,8.3,7.3,6.3
1000.0,8.4,7.4,6.4
1002.0,8.5,7.5,6.5
1004.0,8.6,7.6,6.6
1006.0,8.7,7.7,6.7
1008.0,8.8,7.8,6.8
1010.0,8.9,7.9,6.9
1012.0,9.0,8.0,7.0
1014.0,9.1,8.1,7.1
1016.0,9.2,8.2,7.2
1018.0,9.3,8.3,7.3
1020.0,9.4,8.4,7.4
1022.0,9.5,8.5,7.5
1024.0,9.6,8.6,7.6
1026.0,9.7,8.7,7.7
1028.0,9.8,8.8,7.8
1030.0,9.9,8.9,7.9
1032.0,10.0,9.0,8.0
1034.0,10.1,9.1,8.1
1036.0,10.2,9.2,8.2
1038.0,10.3,9.3,8.3
1040.0,10.4,9.4,8.4
1042.0,10.5,9.5,8.5
1044.0,10.6,9.6,8.6
1046.0,10.7,9.7,8.7
1048.0,10.8,9.8,8.8
1050.0,10.9,9.9,8.9
1052.0,11.0,10.0,9.0
1054.0,11.1,10.1,9.1
1056.0,11.2,10.2,9.2
1058.0,11.3,10.3,9.3
1060.0,11.4,10.4,9.4
1062.0,11.5,10.5,9.5
1064.0,11.6,10.6,9.6
1066.0,11.7,10.7,9.7
1068.0,11.8,10.8,9.8
1070.0,11.9,10.9,9.9
1072.0,3.0,2.0,1.0
1074.0,3.1,2.1,1.1
1076.0,3.2,2.2,1.2
1078.0,3.3,2.3,1.3
1080.0,3.4,2.4,1.4
1082.0,3.5,2.5,1.5
1084.0,3.6,2.6,1.6
1086.0,3.7,2.7,1.7
1088.0,3.8,2.8,1.8
1090.0,3.9,2.9,1.9
1092.0,4.0,3.0,2.0
1094.0,4.1,3.1,2.1
1096.0,4.2,3.2,2.2
1098.0,4.3,3.3,2.3
1100.0,4.4,3.4,2.4
1102.0,4.5,3.5,2.5
1104.0,4.6,3.6,2.6
1106.0,4.7,3.7,2.7
1108.0,4.8,3.8,2.8
1110.0,4.9,3.9,2.9
1112.0,5.0,4.0,3.0
1114.0,5.1,4.1,3.1
1116.0,5.2,4.2,3.2
1118.0,5.3,4.3,3.3
1120.0,5.4,4.4,3.4
1122.0,5.5,4.5,3.5
1124.0,5.6,4.6,3.6
1126.0,5.7,4.7,3.7
1128.0,5.8,4.8,3.8
1130.0,5.9,4.9,3.9
1132.0,6.0,5.0,4.0
1134.0,6.1,5.1,4.1
1136.0,6.2,5.2,4.2
1138.0,6.3,5.3,4.3
1140.0,6.4,5.4,4.4
1142.0,6.5,5.5,4.5
1144.0,6.6,5.6,4.6
1146.0,6.7,5.7,4.7
1148.0,6.8,5.8,4.8
1150.0,6.9,5.9,4.9
1152.0,7.0,6.0,5.0
1154.0,7.1,6.1,5.1
1156.0,7.2,6.2,5.2
1158.0,7.3,6.3,5.3
1160.0,7.4,6.4,5.4
1162.0,7.5,6.5,5.5
1164.0,7.6,6.6,5.6
1166.0,7.7,6.7,5.7
1168.0,7.8,6.8,5.8
1170.0,7.9,6.9,5.9
1172.0,8.0,7.0,6.0
1174.0,8.1,7.1,6.1
1176.0,8.2,7.2,6.2
1178.0,8.3,7.3,6.3
1180.0,8.4,7.4,6.4
1182.0,8.5,7.5,6.5
1184.0,8.6,7.6,6.6
1186.0,8.7,7.7,6.7
1188.0,8.8,7.8,6.8
1190.0,8.9,7.9,6.9
1192.0,9.0,8.0,7.0
1194.0,9.1,8.1,7.1
1196.0,9.2,8.2,7.2
1198.0,9.3,8.3,7.3
1200.0,9.4,8.4,7.4
1202.0,9.5,8.5,7.5
1204.0,9.6,8.6,7.6
1206.0,9.7,8.7,7.7
1208.0,9.8,8.8,7.8
1210.0,9.9,8.9,7.9
1212.0,10.0,9.0,8.0
1214.0,10.1,9.1,8.1
1216.0,10.2,9.2,8.2
1218.0,10.3,9.3,8.3
1220.0,10.4,9.4,8.4
1222.0,10.5,9.5,8.5
1224.0,10.6,9.6,8.6
1226.0,10.7,9.7,8.7
1228.0,10.8,9.8,8.8
1230.0,10.9,9.9,8.9
1232.0,11.0,10.0,9.0
1234.0,11.1,10.1,9.1
1236.0,11.2,10.2,9.2
1238.0,11.3,10.3,9.3
1240.0,11.4,10.4,9.4
1242.0,11.5,10.5,9.5
1244.0,11.6,10.6,9.6
1246.0,11.7,10.7,9.7
1248.0,11.8,10.8,9.8
1250.0,11.9,10.9,9.9
1252.0,3.0,2.0,1.0
1254.0,3.1,2.1,1.1
1256.0,3.2,2.2,1.2
1258.0,3.3,2.3,1.3
1260.0,3.4,2.4,1.4
1262.0,3.5,2.5,1.5
1264.0,3.6,2.6,1.6
1266.0,3.7,2.7,1.7
1268.0,3.8,2.8,1.8
1270.0,3.9,2.9,1.9
1272.0,4.0,3.0,2.0
1274.0,4.1,3.1,2.1
1276.0,4.2,3.2,2.2
1278.0,4.3,3.3,2.3
1280.0,4.4,3.4,2.4
1282.0,4.5,3.5,2.5
1284.0,4.6,3.6,2.6
1286.0,4.7,3.7,2.7
1288.0,4.8,3.8,2.8
1290.0,4.9,3.9,2.9
1292.0,5.0,4.0,3.0
1294.0,5.1,4.1,3.1
1296.0,5.2,4.2,3.2
1298.0,5.3,4.3,3.3
1300.0,5.4,4.4,3.4
1302.0,5.5,4.5,3.5
1304.0,5.6,4.6,3.6
1306.0,5.9,4.9,3.9
1308.0,6.0,5.0,4.0
1310.0,6.1,5.1,4.1
1312.0,6.2,5.2,4.2
1314.0,6.3,5.3,4.3
1316.0,6.4,5.4,4.4
1318.0,6.5,5.5,4.5
1320.0,6.6,5.6,4.6
1322.0,6.7,5.7,4.7
1324.0,6.8,5.8,4.8
1326.0,6.9,5.9,4.9
1328.0,7.0,6.0,5.0
1330.0,7.1,6.1,5.1
1332.0,7.2,6.2,5.2
1334.0,7.3,6.3,5.3
1336.0,7.4,6.4,5.4
1338.0,7.5,6.5,5.5
1340.0,7.6,6.6,5.6
1342.0,7.7,6.7,5.7
1344.0,7.8,6.8,5.8
1346.0,7.9,6.9,5.9
1348.0,8.0,7.0,6.0
1350.0,8.1,7.1,6.1
1352.0,8.2,7.2,6.2
1354.0,8.3,7.3,6.3
1356.0,8.4,7.4,6.4
1358.0,8.5,7.5,6.5
1360.0,8.6,7.6,6.6
1362.0,8.7,7.7,6.7
1364.0,8.8,7.8,6.8
1366.0,8.9,7.9,6.9
1368.0,9.0,8.0,7.0
1370.0,9.1,8.1,7.1
1372.0,9.2,8.2,7.2
1374.0,9.3,8.3,7.3
1376.0,9.4,8.4,7.4
1378.0,9.5,8.5,7.5
1380.0,9.6,8.6,7.6
1382.0,9.7,8.7,7.7
1384.0,9.8,8.8,7.8
1386.0,9.9,8.9,7.9
1388.0,10.0,9.0,8.0
1390.0,10.1,9.1,8.1
1392.0,10.2,9.2,8.2
1394.0,10.3,9.3,8.3
1396.0,10.4,9.4,8.4
1398.0,10.5,9.5,8.5
1400.0,10.6,9.6,8.6
1402.0,10.7,9.7,8.7
1404.0,10.8,9.8,8.8
1406.0,10.9,9.9,8.9
1408.0,11.0,10.0,9.0
1410.0,11.1,10.1,9.1
1412.0,11.2,10.2,9.2
1414.0,11.3,10.3,9.3
1416.0,11.4,10.4,9.4
1418.0,11.5,10.5,9.5
1420.0,11.6,10.6,9.6
1422.0,11.7,10.7,9.7
1424.0,11.8,10.8,9.8
1426.0,11.9,10.9,9.9
1428.0,3.0,2.0,1.0
1430.0,3.1,2.1,1.1
1432.0,3.2,2.2,1.2
1434.0,3.3,2.3,1.3
1436.0,3.4,2.4,1.4
1438.0,3.5,2.5,1.5
1440.0,3.6,2.6,1.6
1442.0,3.7,2.7,1.7
1444.0,3.8,2.8,1.8
1446.0,3.9,2.9,1.9
1448.0,4.0,3.0,2.0
1450.0,4.1,3.1,2.1
1452.0,4.2,3.2,2.2
1454.0,4.3,3.3,2.3
1456.0,4.4,3.4,2.4
1458.0,4.5,3.5,2.5
1460.0,4.6,3.6,2.6
1462.0,4.7,3.7,2.7
1464.0,4.8,3.8,2.8
1466.0,4.9,3.9,2.9
1468.0,5.0,4.0,3.0
1470.0,5.1,4.1,3.1
1472.0,5.2,4.2,3.2
1474.0,5.3,4.3,3.3
1476.0,5.4,4.4,3.4
1478.0,5.5,4.5,3.5
1480.0,5.6,4.6,3.6
1482.0,5.7,4.7,3.7
1484.0,5.8,4.8,3.8
1486.0,5.9,4.9,3.9
1488.0,6.0,5.0,4.0
1490.0,6.1,5.1,4.1
1492.0,6.2,5.2,4.2
1494.0,6.3,5.3,4.3
1496.0,6.4,5.4,4.4
1498.0,6.5,5.5,4.5
1500.0,6.6,5.6,4.6
1502.0,6.7,5.7,4.7
1504.0,6.8,5.8,4.8
1506.0,6.9,5.9,4.9
1508.0,7.0,6.0,5.0
1510.0,7.1,6.1,5.1
1512.0,7.2,6.2,5.2
1514.0,7.3,6.3,5.3
1516.0,7.4,6.4,5.4
1518.0,7.5,6.5,5.5
1520.0,7.6,6.6,5.6
1522.0,7.7,6.7,5.7
1524.0,7.8,6.8,5.8
1526.0,7.9,6.9,5.9
1528.0,8.0,7.0,6.0
1530.0,8.1,7.1,6.1
1532.0,8.2,7.2,6.2
1534.0,8.3,7.3,6.3
1536.0,8.4,7.4,6.4
1538.0,8.5,7.5,6.5
1540.0,8.6,7.6,6.6
1542.0,8.7,7.7,6.7
1544.0,8.8,7.8,6.8
1546.0,8.9,7.9,6.9
1548.0,9.0,8.0,7.0
1550.0,9.1,8.1,7.1
1552.0,9.2,8.2,7.2
1554.0,9.3,8.3,7.3
1556.0,9.4,8.4,7.4
1558.0,9.5,8.5,7.5
1560.0,9.6,8.6,7.6
1562.0,9.7,8.7,7.7
1564.0,9.8,8.8,7.8
1566.0,9.9,8.9,7.9
1568.0,10.0,9.0,8.0
1570.0,10.1,9.1,8.1
1572.0,10.2,9.2,8.2
1574.0,10.3,9.3,8.3
1576.0,10.4,9.4,8.4
1578.0,10.5,9.5,8.5
1580.0,10.6,9.6,8.6
1582.0,10.7,9.7,8.7
1584.0,10.8,9.8,8.8
1586.0,10.9,9.9,8.9
1588.0,11.0,10.0,9.0
1590.0,11.1,10.1,9.1
1592.0,11.2,10.2,9.2
1594.0,11.3,10.3,9.3
1596.0,11.4,10.4,9.4
1598.0,11.5,10.5,9.5
1600.0,11.6,10.6,9.6
1602.0,11.7,10.7,9.7
1604.0,11.8,10.8,9.8
1606.0,11.9,10.9,9.9
1608.0,3.0,2.0,1.0
1610.0,3.1,2.1,1.1
1612.0,3.2,2.2,1.2
1614.0,3.3,2.3,1.3
1616.0,3.4,2.4,1.4
1618.0,3.5,2.5,1.5
1620.0,3.6,2.6,1.6
1622.0,3.7,2.7,1.7
1624.0,3.8,2.8,1.8
1626.0,3.9,2.9,1.9
1628.0,4.0,3.0,2.0
1630.0,4.1,3.1,2.1
1632.0,4.2,3.2,2.2
1634.0,4.3,3.3,2.3
1636.0,4.4,3.4,2.4
1638.0,4.5,3.5,2.5
1640.0,4.6,3.6,2.6
1642.0,4.7,3.7,2.7
1644.0,4.8,3.8,2.8
1646.0,4.9,3.9,2.9
1648.0,5.0,4.0,3.0
1650.0,5.1,4.1,3.1
1652.0,5.2,4.2,3.2
1654.0,5.3,4.3,3.3
1656.0,5.4,4.4,3.4
1658.0,5.5,4.5,3.5
1660.0,5.6,4.6,3.6
1662.0,5.7,4.7,3.7
1664.0,5.8,4.8,3.8
1666.0,5.9,4.9,3.9
1668.0,6.0,5.0,4.0
1670.0,6.1,5.1,4.1
1672.0,6.2,5.2,4.2
1674.0,6.3,5.3,4.3
1676.0,6.4,5.4,4.4
1678.0,6.5,5.5,4.5
1680.0,6.6,5.6,4.6
1682.0,6.7,5.7,4.7
1684.0,6.8,5.8,4.8
1686.0,6.9,5.9,4.9
1688.0,7.0,6.0,5.0
1690.0,7.1,6.1,5.1
1692.0,7.2,6.2,5.2
1694.0,7.3,6.3,5.3
1696.0,7.4,6.4,5.4
1698.0,7.5,6.5,5.5
1700.0,7.6,6.6,5.6
1702.0,7.7,6.7,5.7
1704.0,7.8,6.8,5.8
1706.0,7.9,6.9,5.9
1708.0,8.0,7.0,6.0
1710.0,8.1,7.1,6.1
1712.0,8.2,7.2,6.2
1714.0,8.3,7.3,6.3
1716.0,8.4,7.4,6.4
1718.0,8.5,7.5,6.5
1720.0,8.6,7.6,6.6
1722.0,8.7,7.7,6.7
1724.0,8.8,7.8,6.8
1726.0,8.9,7.9,6.9
1728.0,9.0,8.0,7.0
1730.0,9.1,8.1,7.1
1732.0,9.2,8.2,7.2
1734.0,9.3,8.3,7.3
1736.0,9.4,8.4,7.4
1738.0,9.5,8.5,7.5
1740.0,9.6,8.6,7.6
1742.0,9.7,8.7,7.7
1744.0,9.8,8.8,7.8
1746.0,9.9,8.9,7.9
1748.0,10.0,9.0,8.0
1750.0,10.1,9.1,8.1
1752.0,10.2,9.2,8.2
1754.0,10.3,9.3,8.3
1756.0,10.4,9.4,8.4
1758.0,10.5,9.5,8.5
1760.0,10.6,9.6,8.6
1762.0,10.7,9.7,8.7
1764.0,10.8,9.8,8.8
1766.0,10.9,9.9,8.9
1768.0,11.0,10.0,9.0
1770.0,11.1,10.1,9.1
1772.0,11.2,10.2,9.2
1774.0,11.3,10.3,9.3
1776.0,11.4,10.4,9.4
1778.0,11.5,10.5,9.5
1780.0,11.6,10.6,9.6
1782.0,11.7,10.7,9.7
1784.0,11.8,10.8,9.8
1786.0,11.9,10.9,9.9
1788.0,3.0,2.0,1.0
1790.0,3.1,2.1,1.1
1792.0,3.2,2.2,1.2
1794.0,3.3,2.3,1.3
1796.0,3.4,2.4,1.4
1798.0,3.5,2.5,1.5
1800.0,3.6,2.6,1.6
1802.0,3.7,2.7,1.7
1804.0,3.8,2.8,1.8
1806.0,3.9,2.9,1.9
1808.0,4.0,3.0,2.0
1810.0,4.1,3.1,2.1
1812.0,4.2,3.2,2.2
1814.0,4.3,3.3,2.3
1816.0,4.4,3.4,2.4
1818.0,4.5,3.5,2.5
1820.0,4.6,3.6,2.6
1822.0,4.7,3.7,2.7
1824.0,4.8,3.8,2.8
1826.0,4.9,3.9,2.9
1828.0,5.0,4.0,3.0
1830.0,5.1,4.1,3.1
1832.0,5.2,4.2,3.2
1834.0,5.3,4.3,3.3
1836.0,5.4,4.4,3.4
1838.0,5.5,4.5,3.5
1840.0,5.6,4.6,3.6
1842.0,5.7,4.7,3.7
1844.0,5.8,4.8,3.8
1846.0,5.9,4.9,3.9
1848.0,6.0,5.0,4.0
1850.0,6.1,5.1,4.1
1852.0,6.2,5.2,4.2
1854.0,6.3,5.3,4.3
1856.0,6.4,5.4,4.4
1858.0,6.5,5.5,4.5
1860.0,6.6,5.6,4.6
1862.0,6.7,5.7,4.7
1864.0,6.8,5.8,4.8
1866.0,6.9,5.9,4.9
1868.0,7.0,6.0,5.0
1870.0,7.1,6.1,5.1
1872.0,7.2,6.2,5.2
1874.0,7.3,6.3,5.3
1876.0,7.4,6.4,5.4
1878.0,7.5,6.5,5.5
1880.0,7.6,6.6,5.6
1882.0,7.7,6.7,5.7
1884.0,7.8,6.8,5.8
1886.0,7.9,6.9,5.9
1888.0,8.0,7.0,6.0
1890.0,8.1,7.1,6.1
1892.0,8.2,7.2,6.2
1894.0,8.3,7.3,6.3
1896.0,8.4,7.4,6.4
1898.0,8.5,7.5,6.5
1900.0,8.6,7.6,6.6
1902.0,8.7,7.7,6.7
1904.0,8.8,7.8,6.8
1906.0,8.9,7.9,6.9
1908.0,9.0,8.0,7.0
1910.0,9.1,8.1,7.1
1912.0,9.2,8.2,7.2
1914.0,9.3,8.3,7.3
1916.0,9.4,8.4,7.4
1918.0,9.5,8.5,7.5
1920.0,9.6,8.6,7.6
1922.0,9.7,8.7,7.7
1924.0,9.8,8.8,7.8
1926.0,9.9,8.9,7.9
1928.0,10.0,9.0,8.0
1930.0,10.1,9.1,8.1
1932.0,10.2,9.2,8.2
1934.0,10.3,9.3,8.3
1936.0,10.4,9.4,8.4
1938.0,10.5,9.5,8.5
1940.0,10.6,9.6,8.6
1942.0,10.7,9.7,8.7
1944.0,10.8,9.8,8.8
1946.0,10.9,9.9,8.9
1948.0,11.0,10.0,9.0
1950.0,11.1,10.1,9.1
1952.0,11.2,10.2,9.2
1954.0,11.3,10.3,9.3
1956.0,11.4,10.4,9.4
1958.0,11.5,10.5,9.5
1960.0,11.6,10.6,9.6
1962.0,11.7,10.7,9.7
1964.0,11.8,10.8,9.8
1966.0,11.9,10.9,9.9
1968.0,3.0,2.0,1.0
1970.0,3.1,2.1,1.1
1972.0,3.2,2.2,1.2
1974.0,3.3,2.3,1.3
1976.0,3.4,2.4,1.4
1978.0,3.5,2.5,1.5
1980.0,3.6,2.6,1.6
1982.0,3.7,2.7,1.7
1984.0,3.8,2.8,1.8
1986.0,3.9,2.9,1.9
1988.0,4.0,3.0,2.0
1990.0,4.1,3.1,2.1
1992.0,4.2,3.2,2.2
1994.0,4.3,3.3,2.3
1996.0,4.4,3.4,2.4
1998.0,4.5,3.5,2.5
2000.0,4.6,3.6,2.6
2002.0,4.7,3.7,2.7
2004.0,5.0,4.0,3.0
2006.0,5.1,4.1,3.1
2008.0,5.2,4.2,3.2
2010.0,5.3,4.3,3.3
2012.0,5.4,4.4,3.4
2014.0,5.5,4.5,3.5
2016.0,5.6,4.6,3.6
2018.0,5.7,4.7,3.7
2020.0,5.8,4.8,3.8
2022.0,5.9,4.9,3.9
2024.0,6.0,5.0,4.0
2026.0,6.1,5.1,4.1
2028.0,6.2,5.2,4.2
2030.0,6.3,5.3,4.3
2032.0,6.4,5.4,4.4
2034.0,6.5,5.5,4.5
2036.0,6.6,5.6,4.6
2038.0,6.7,5.7,4.7
2040.0,6.8,5.8,4.8
2042.0,6.9,5.9,4.9
2044.0,7.0,6.0,5.0
2046.0,7.1,6.1,5.1
2048.0,7.2,6.2,5.2
2050.0,7.3,6.3,5.3
2052.0,7.4,6.4,5.4
2054.0,7.5,6.5,5.5
2056.0,7.6,6.6,5.6
2058.0,7.7,6.7,5.7
2060.0,7.8,6.8,5.8
2062.0,7.9,6.9,5.9
2064.0,8.0,7.0,6.0
2066.0,8.1,7.1,6.1
2068.0,8.2,7.2,6.2
2070.0,8.3,7.3,6.3
2072.0,8.4,7.4,6.4
2074.0,8.5,7.5,6.5
2076.0,8.6,7.6,6.6
2078.0,8.7,7.7,6.7
2080.0,8.8,7.8,6.8
2082.0,8.9,7.9,6.9
2084.0,9.0,8.0,7.0
2086.0,9.1,8.1,7.1
2088.0,9.2,8.2,7.2
2090.0,9.3,8.3,7.3
2092.0,9.4,8.4,7.4
2094.0,9.5,8.5,7.5
2096.0,9.6,8.6,7.6
2098.0,9.7,8.7,7.7
2100.0,9.8,8.8,7.8
2102.0,9.9,8.9,7.9
2104.0,10.0,9.0,8.0
2106.0,10.1,9.1,8.1
2108.0,10.2,9.2,8.2
2110.0,10.3,9.3,8.3
2112.0,10.4,9.4,8.4
2114.0,10.5,9.5,8.5
2116.0,10.6,9.6,8.6
2118.0,10.7,9.7,8.7
2120.0,10.8,9.8,8.8
2122.0,10.9,9.9,8.9
2124.0,11.0,10.0,9.0
2126.0,11.1,10.1,9.1
2128.0,11.2,10.2,9.2
2130.0,11.3,10.3,9.3
2132.0,11.4,10.4,9.4
2134.0,11.5,10.5,9.5
2136.0,11.6,10.6,9.6
2138.0,11.7,10.7,9.7
2140.0,11.8,10.8,9.8
2142.0,11.9,10.9,9.9
2144.0,3.0,2.0,1.0
2146.0,3.1,2.1,1.1
2148.0,3.2,2.2,1.2
2150.0,3.3,2.3,1.3
2152.0,3.4,2.4,1.4
2154.0,3.5,2.5,1.5
2156.0,3.6,2.6,1.6
2158.0,3.7,2.7,1.7
2160.0,3.8,2.8,1.8
2162.0,3.9,2.9,1.9
2164.0,4.0,3.0,2.0
2166.0,4.1,3.1,2.1
2168.0,4.2,3.2,2.2
2170.0,4.3,3.3,2.3
2172.0,4.4,3.4,2.4
2174.0,4.5,3.5,2.5
2176.0,4.6,3.6,2.6
2178.0,4.7,3.7,2.7
2180.0,4.8,3.8,2.8
2182.0,4.9,3.9,2.9
2184.0,5.0,4.0,3.0
2186.0,5.1,4.1,3.1
2188.0,5.2,4.2,3.2
2190.0,5.3,4.3,3.3
2192.0,5.4,4.4,3.4
2194.0,5.5,4.5,3.5
2196.0,5.6,4.6,3.6
2198.0,5.7,4.7,3.7
2200.0,5.8,4.8,3.8
2202.0,5.9,4.9,3.9
2204.0,6.0,5.0,4.0
2206.0,6.1,5.1,4.1
2208.0,6.2,5.2,4.2
2210.0,6.3,5.3,4.3
2212.0,6.4,5.4,4.4
2214.0,6.5,5.5,4.5
2216.0,6.6,5.6,4.6
2218.0,6.7,5.7,4.7
2220.0,6.8,5.8,4.8
2222.0,6.9,5.9,4.9
2224.0,7.0,6.0,5.0
2226.0,7.1,6.1,5.1
2228.0,7.2,6.2,5.2
2230.0,7.3,6.3,5.3
2232.0,7.4,6.4,5.4
2234.0,7.5,6.5,5.5
2236.0,7.6,6.6,5.6
2238.0,7.7,6.7,5.7
2240.0,7.8,6.8,5.8
2242.0,7.9,6.9,5.9
2244.0,8.0,7.0,6.0
2246.0,8.1,7.1,6.1
2248.0,8.2,7.2,6.2
2250.0,8.3,7.3,6.3
2252.0,8.4,7.4,6.4
2254.0,8.5,7.5,6.5
2256.0,8.6,7.6,6.6
2258.0,8.7,7.7,6.7
2260.0,8.8,7.8,6.8
2262.0,8.9,7.9,6.9
2264.0,9.0,8.0,7.0
2266.0,9.1,8.1,7.1
2268.0,9.2,8.2,7.2
2270.0,9.3,8.3,7.3
2272.0,9.4,8.4,7.4
2274.0,9.5,8.5,7.5
2276.0,9.6,8.6,7.6
2278.0,9.7,8.7,7.7
2280.0,9.8,8.8,7.8
2282.0,9.9,8.9,7.9
2284.0,10.0,9.0,8.0
2286.0,10.1,9.1,8.1
2288.0,10.2,9.2,8.2
2290.0,10.3,9.3,8.3
2292.0,10.4,9.4,8.4
2294.0,10.5,9.5,8.5
2296.0,10.6,9.6,8.6
2298.0,10.7,9.7,8.7
2300.0,10.8,9.8,8.8
2302.0,10.9,9.9,8.9
2304.0,11.0,10.0,9.0
2306.0,11.1,10.1,9.1
2308.0,11.2,10.2,9.2
2310.0,11.3,10.3,9.3
2312.0,11.4,10.4,9.4
2314.0,11.5,10.5,9.5
2316.0,11.6,10.6,9.6
2318.0,11.7,10.7,9.7
2320.0,11.8,10.8,9.8
2322.0,11.9,10.9,9.9
2324.0,3.0,2.0,1.0
2326.0,3.1,2.1,1.1
2328.0,3.2,2.2,1.2
2330.0,3.3,2.3,1.3
2332.0,3.4,2.4,1.4
2334.0,3.5,2.5,1.5
2336.0,3.6,2.6,1.6
2338.0,3.7,2.7,1.7
2340.0,3.8,2.8,1.8
2342.0,3.9,2.9,1.9
2344.0,4.0,3.0,2.0
2346.0,4.1,3.1,2.1
2348.0,4.2,3.2,2.2
2350.0,4.3,3.3,2.3
2352.0,4.4,3.4,2.4
2354.0,4.5,3.5,2.5
2356.0,4.6,3.6,2.6
2358.0,4.7,3.7,2.7
2360.0,4.8,3.8,2.8
2362.0,4.9,3.9,2.9
2364.0,5.0,4.0,3.0
2366.0,5.1,4.1,3.1
2368.0,5.2,4.2,3.2
2370.0,5.3,4.3,3.3
2372.0,5.4,4.4,3.4
2374.0,5.5,4.5,3.5
2376.0,5.6,4.6,3.6
2378.0,5.7,4.7,3.7
2380.0,5.8,4.8,3.8
2382.0,5.9,4.9,3.9
2384.0,6.0,5.0,4.0
2386.0,6.1,5.1,4.1
2388.0,6.2,5.2,4.2
2390.0,6.3,5.3,4.3
2392.0,6.4,5.4,4.4
2394.0,6.5,5.5,4.5
2396.0,6.6,5.6,4.6
2398.0,6.7,5.7,4.7
2400.0,6.8,5.8,4.8
2402.0,6.9,5.9,4.9
2404.0,7.0,6.0,5.0
2406.0,7.1,6.1,5.1
2408.0,7.2,6.2,5.2
2410.0,7.3,6.3,5.3
2412.0,7.4,6.4,5.4
2414.0,7.5,6.5,5.5
2416.0,7.6,6.6,5.6
2418.0,7.7,6.7,5.7
2420.0,7.8,6.8,5.8
2422.0,7.9,6.9,5.9
2424.0,8.0,7.0,6.0
2426.0,8.1,7.1,6.1
2428.0,8.2,7.2,6.2
2430.0,8.3,7.3,6.3
2432.0,8.4,7.4,6.4
2434.0,8.5,7.5,6.5
2436.0,8.6,7.6,6.6
2438.0,8.7,7.7,6.7
2440.0,8.8,7.8,6.8
2442.0,8.9,7.9,6.9
2444.0,9.0,8.0,7.0
2446.0,9.1,8.1,7.1
2448.0,9.2,8.2,7.2
2450.0,9.3,8.3,7.3
2452.0,9.4,8.4,7.4
2454.0,9.5,8.5,7.5
2456.0,9.6,8.6,7.6
2458.0,9.7,8.7,7.7
2460.0,9.8,8.8,7.8
2462.0,9.9,8.9,7.9
2464.0,10.0,9.0,8.0
2466.0,10.1,9.1,8.1
2468.0,10.2,9.2,8.2
2470.0,10.3,9.3,8.3
2472.0,10.4,9.4,8.4
2474.0,10.5,9.5,8.5
2476.0,10.6,9.6,8.6
2478.0,10.7,9.7,8.7
2480.0,10.8,9.8,8.8
2482.0,10.9,9.9,8.9
2484.0,11.0,10.0,9.0
2486.0,11.1,10.1,9.1
2488.0,11.2,10.2,9.2
2490.0,11.3,10.3,9.3
2492.0,11.4,10.4,9.4
2494.0,11.5,10.5,9.5
2496.0,11.6,10.6,9.6
2498.0,11.7,10.7,9.7
2500.0,11.8,10.8,9.8
2502.0,11.9,10.9,9.9
2504.0,3.0,2.0,1.0
2506.0,3.1,2.1,1.1
2508.0,3.2,2.2,1.2
2510.0,3.3,2.3,1.3
2512.0,3.4,2.4,1.4
2514.0,3.5,2.5,1.5
2516.0,3.6,2.6,1.6
2518.0,3.7,2.7,1.7
2520.0,3.8,2.8,1.8
2522.0,3.9,2.9,1.9
2524.0,4.0,3.0,2.0
2526.0,4.1,3.1,2.1
2528.0,4.2,3.2,2.2
2530.0,4.3,3.3,2.3
2532.0,4.4,3.4,2.4
2534.0,4.5,3.5,2.5
2536.0,4.6,3.6,2.6
2538.0,4.7,3.7,2.7
2540.0,4.8,3.8,2.8
2542.0,4.9,3.9,2.9
2544.0,5.0,4.0,3.0
2546.0,5.1,4.1,3.1
2548.0,5.2,4.2,3.2
2550.0,5.3,4.3,3.3
2552.0,5.4,4.4,3.4
2554.0,5.5,4.5,3.5
2556.0,5.6,4.6,3.6
2558.0,5.7,4.7,3.7
2560.0,5.8,4.8,3.8
2562.0,5.9,4.9,3.9
2564.0,6.0,5.0,4.0
2566.0,6.1,5.1,4.1
2568.0,6.2,5.2,4.2
2570.0,6.3,5.3,4.3
2572.0,6.4,5.4,4.4
2574.0,6.5,5.5,4.5
2576.0,6.6,5.6,4.6
2578.0,6.7,5.7,4.7
2580.0,6.8,5.8,4.8
2582.0,6.9,5.9,4.9
2584.0,7.0,6.0,5.0
2586.0,7.1,6.1,5.1
2588.0,7.2,6.2,5.2
2590.0,7.3,6.3,5.3
2592.0,7.4,6.4,5.4
2594.0,7.5,6.5,5.5
2596.0,7.6,6.6,5.6
2598.0,7.7,6.7,5.7
2600.0,7.8,6.8,5.8
2602.0,7.9,6.9,5.9
2604.0,8.0,7.0,6.0
2606.0,8.1,7.1,6.1
2608.0,8.2,7.2,6.2
2610.0,8.3,7.3,6.3
2612.0,6.6,7.4,6.4
2614.0,8.7,7.7,6.7
2616.0,8.8,7.8,6.8
2618.0,8.9,7.9,6.9
2620.0,9.0,8.0,7.0
2622.0,9.1,8.1,7.1
2624.0,9.2,8.2,7.2
2626.0,9.3,8.3,7.3
2628.0,9.4,8.4,7.4
2630.0,9.5,8.5,7.5
2632.0,9.6,8.6,7.6
2634.0,9.7,8.7,7.7
2636.0,9.8,8.8,7.8
2638.0,9.9,8.9,7.9
2640.0,10.0,9.0,8.0
2642.0,10.1,9.1,8.1
2644.0,10.2,9.2,8.2
2646.0,10.3,9.3,8.3
2648.0,10.4,9.4,8.4
2650.0,10.5,9.5,8.5
2652.0,10.6,9.6,8.6
2654.0,10.7,9.7,8.7
2656.0,10.8,9.8,8.8
2658.0,10.9,9.9,8.9
2660.0,11.0,10.0,9.0
2662.0,11.1,10.1,9.1
2664.0,11.2,10.2,9.2
2666.0,11.3,10.3,9.3
2668.0,11.4,10.4,9.4
2670.0,11.5,10.5,9.5
2672.0,11.6,10.6,9.6
2674.0,11.7,10.7,9.7
2676.0,11.8,10.8,9.8
2678.0,11.9,10.9,9.9
2680.0,3.0,2.0,1.0
2682.0,3.1,2.1,1.1
2684.0,3.2,2.2,1.2
2686.0,3.3,2.3,1.3
2688.0,3.4,2.4,1.4
2690.0,3.5,2.5,1.5
2692.0,3.6,2.6,1.6
2694.0,3.7,2.7,1.7
2696.0,3.8,2.8,1.8
2698.0,3.9,2.9,1.9
2700.0,4.0,3.0,2.0
2702.0,4.1,3.1,2.1
2704.0,4.2,3.2,2.2
2706.0,4.3,3.3,2.3
2708.0,4.4,3.4,2.4
2710.0,4.5,3.5,2.5
2712.0,4.6,3.6,2.6
2714.0,4.7,3.7,2.7
2716.0,4.8,3.8,2.8
2718.0,4.9,3.9,2.9
2720.0,5.0,4.0,3.0
2722.0,5.1,4.1,3.1
2724.0,5.2,4.2,3.2
2726.0,5.3,4.3,3.3
2728.0,5.4,4.4,3.4
2730.0,5.5,4.5,3.5
2732.0,5.6,4.6,3.6
2734.0,5.7,4.7,3.7
2736.0,5.8,4.8,3.8
2738.0,5.9,4.9,3.9
2740.0,6.0,5.0,4.0
2742.0,6.1,5.1,4.1
2744.0,6.2,5.2,4.2
2746.0,6.3,5.3,4.3
2748.0,6.4,5.4,4.4
2750.0,6.5,5.5,4.5
2752.0,6.6,5.6,4.6
2754.0,6.7,5.7,4.7
2756.0,6.8,5.8,4.8
2758.0,6.9,5.9,4.9
2760.0,7.0,6.0,5.0
2762.0,7.1,6.1,5.1
2764.0,7.2,6.2,5.2
2766.0,7.3,6.3,5.3
2768.0,7.4,6.4,5.4
2770.0,7.5,6.5,5.5
2772.0,7.6,6.6,5.6
2774.0,7.7,6.7,5.7
2776.0,7.8,6.8,5.8
2778.0,7.9,6.9,5.9
2780.0,8.0,7.0,6.0
2782.0,8.1,7.1,6.1
2784.0,8.2,7.2,6.2
2786.0,8.3,7.3,6.3
2788.0,8.4,7.4,6.4
2790.0,8.5,7.5,6.5
2792.0,8.6,7.6,6.6
2794.0,8.7,7.7,6.7
2796.0,8.8,7.8,6.8
2798.0,8.9,7.9,6.9
2800.0,9.0,8.0,7.0
2802.0,9.1,8.1,7.1
2804.0,9.2,8.2,7.2
2806.0,9.3,8.3,7.3
2808.0,9.4,8.4,7.4
2810.0,9.5,8.5,7.5
2812.0,9.6,8.6,7.6
2814.0,9.7,8.7,7.7
2816.0,9.8,8.8,7.8
2818.0,9.9,8.9,7.9
2820.0,10.0,9.0,8.0
2822.0,10.1,9.1,8.1
2824.0,10.2,9.2,8.2
2826.0,10.3,9.3,8.3
2828.0,10.4,9.4,8.4
2830.0,10.5,9.5,8.5
2832.0,10.6,9.6,8.6
2834.0,10.7,9.7,8.7
2836.0,10.8,9.8,8.8
2838.0,10.9,9.9,8.9
2840.0,11.0,10.0,9.0
2842.0,11.1,10.1,9.1
2844.0,11.2,10.2,9.2
2846.0,11.3,10.3,9.3
2848.0,11.4,10.4,9.4
2850.0,11.5,10.5,9.5
2852.0,11.6,10.6,9.6
2854.0,11.7,10.7,9.7
2856.0,11.8,10.8,9.8
2858.0,11.9,10.9,9.9
2860.0,3.0,2.0,1.0
2862.0,3.1,2.1,1.1
2864.0,3.2,2.2,1.2
2866.0,3.3,2.3,1.3
2868.0,3.4,2.4,1.4
2870.0,3.5,2.5,1.5
2872.0,3.6,2.6,1.6
2874.0,3.7,2.7,1.7
2876.0,3.8,2.8,1.8
2878.0,3.9,2.9,1.9
2880.0,4.0,3.0,2.0
2882.0,4.1,3.1,2.1
2884.0,4.2,3.2,2.2
2886.0,4.3,3.3,2.3
2888.0,4.4,3.4,2.4
2890.0,4.5,3.5,2.5
2892.0,4.6,3.6,2.6
2894.0,4.7,3.7,2.7
2896.0,4.8,3.8,2.8
2898.0,4.9,3.9,2.9
2900.0,5.0,4.0,3.0
2902.0,5.1,4.1,3.1
2904.0,5.2,4.2,3.2
2906.0,5.3,4.3,3.3
2908.0,5.4,4.4,3.4
2910.0,5.5,4.5,3.5
2912.0,5.6,4.6,3.6
2914.0,5.7,4.7,3.7
2916.0,5.8,4.8,3.8
2918.0,5.9,4.9,3.9
2920.0,6.0,5.0,4.0
2922.0,6.1,5.1,4.1
2924.0,6.2,5.2,4.2
2926.0,6.3,5.3,4.3
2928.0,6.4,5.4,4.4
2930.0,6.5,5.5,4.5
2932.0,6.6,5.6,4.6
2934.0,6.7,5.7,4.7
2936.0,6.8,5.8,4.8
2938.0,6.9,5.9,4.9
2940.0,7.0,6.0,5.0
2942.0,7.1,6.1,5.1
2944.0,7.2,6.2,5.2
2946.0,7.3,6.3,5.3
2948.0,7.4,6.4,5.4
2950.0,7.5,6.5,5.5
2952.0,7.6,6.6,5.6
2954.0,7.7,6.7,5.7
2956.0,7.8,6.8,5.8
2958.0,7.9,6.9,5.9
2960.0,8.0,7.0,6.0
2962.0,8.1,7.1,6.1
2964.0,8.2,7.2,6.2
2966.0,8.3,7.3,6.3
2968.0,8.4,7.4,6.4
2970.0,8.5,7.5,6.5
2972.0,8.6,7.6,6.6
2974.0,8.7,7.7,6.7
2976.0,8.8,7.8,6.8
2978.0,8.9,7.9,6.9
2980.0,9.0,8.0,7.0
2982.0,9.1,8.1,7.1
2984.0,9.2,8.2,7.2
2986.0,9.3,8.3,7.3
2988.0,9.4,8.4,7.4
2990.0,9.5,8.5,7.5
2992.0,9.6,8.6,7.6
2994.0,9.7,8.7,7.7
2996.0,9.8,8.8,7.8
2998.0,9.9,8.9,7.9
3000.0,10.0,9.0,8.0
3002.0,10.1,9.1,8.1
3004.0,10.2,9.2,8.2
3006.0,10.3,9.3,8.3
3008.0,10.4,9.4,8.4
3010.0,10.5,9.5,8.5
3012.0,10.6,9.6,8.6
3014.0,10.7,9.7,8.7
3016.0,10.8,9.8,8.8
3018.0,10.9,9.9,8.9
3020.0,11.0,10.0,9.0
3022.0,11.1,10.1,9.1
3024.0,11.2,10.2,9.2
3026.0,11.3,10.3,9.3
3028.0,11.4,10.4,9.4
3030.0,11.5,10.5,9.5
3032.0,11.6,10.6,9.6
3034.0,11.7,10.7,9.7
3036.0,11.8,10.8,9.8
3038.0,11.9,10.9,9.9
3040.0,3.0,2.0,1.0
3042.0,3.1,2.1,1.1
3044.0,3.2,2.2,1.2
3046.0,3.3,2.3,1.3
3048.0,3.4,2.4,1.4
3050.0,3.5,2.5,1.5
3052.0,3.6,2.6,1.6
3054.0,3.7,2.7,1.7
3056.0,3.8,2.8,1.8
3058.0,3.9,2.9,1.9
3060.0,4.0,3.0,2.0
3062.0,4.1,3.1,2.1
3064.0,4.2,3.2,2.2
3066.0,4.3,3.3,2.3
3068.0,4.4,3.4,2.4
3070.0,4.5,3.5,2.5
3072.0,4.6,3.6,2.6
3074.0,4.7,3.7,2.7
3076.0,4.8,3.8,2.8
3078.0,4.9,3.9,2.9
3080.0,5.0,4.0,3.0
3082.0,5.1,4.1,3.1
3084.0,5.2,4.2,3.2
3086.0,5.3,4.3,3.3
3088.0,5.4,4.4,3.4
3090.0,5.5,4.5,3.5
3092.0,5.6,4.6,3.6
3094.0,5.7,4.7,3.7
3096.0,5.8,4.8,3.8
3098.0,5.9,4.9,3.9
3100.0,6.0,5.0,4.0
3102.0,6.1,5.1,4.1
3104.0,6.2,5.2,4.2
3106.0,6.3,5.3,4.3
3108.0,6.4,5.4,4.4
3110.0,6.5,5.5,4.5
3112.0,6.6,5.6,4.6
3114.0,6.7,5.7,4.7
3116.0,6.8,5.8,4.8
3118.0,6.9,5.9,4.9
3120.0,7.0,6.0,5.0
3122.0,7.1,6.1,5.1
3124.0,7.2,6.2,5.2
3126.0,7.3,6.3,5.3
3128.0,7.4,6.4,5.4
3130.0,7.5,6.5,5.5
3132.0,7.6,6.6,5.6
3134.0,7.7,6.7,5.7
3136.0,7.8,6.8,5.8
3138.0,7.9,6.9,5.9
3140.0,8.0,7.0,6.0
3142.0,8.1,7.1,6.1
3144.0,8.2,7.2,6.2
3146.0,8.3,7.3,6.3
3148.0,8.4,7.4,6.4
3150.0,8.5,7.5,6.5
3152.0,8.6,7.6,6.6
3154.0,8.7,7.7,6.7
3156.0,8.8,7.8,6.8
3158.0,8.9,7.9,6.9
3160.0,9.0,8.0,7.0
3162.0,9.1,8.1,7.1
3164.0,9.2,8.2,7.2
3166.0,9.3,8.3,7.3
3168.0,9.4,8.4,7.4
3170.0,9.5,8.5,7.5
3172.0,9.6,8.6,7.6
3174.0,9.7,8.7,7.7
3176.0,9.8,8.8,7.8
3178.0,9.9,8.9,7.9
3180.0,10.0,9.0,8.0
3182.0,10.1,9.1,8.1
3184.0,10.2,9.2,8.2
3186.0,10.3,9.3,8.3
3188.0,10.4,9.4,8.4
3190.0,10.5,9.5,8.5
3192.0,10.6,9.6,8.6
3194.0,10.7,9.7,8.7
3196.0,10.8,9.8,8.8
3198.0,10.9,9.9,8.9
3200.0,11.0,10.0,9.0
3202.0,11.1,10.1,9.1
3204.0,11.2,10.2,9.2
3206.0,11.3,10.3,9.3
3208.0,11.4,10.4,9.4
3210.0,11.5,10.5,9.5
3212.0,11.6,10.6,9.6
3214.0,11.7,10.7,9.7
3216.0,11.8,10.8,9.8
3218.0,11.9,10.9,9.9
3220.0,3.0,2.0,1.0
3222.0,3.1,2.1,1.1
3224.0,3.2,2.2,1.2
3226.0,3.3,2.3,1.3
3228.0,3.7,2.7,1.7
3230.0,3.8,2.8,1.8
3232.0,3.9,2.9,1.9
3234.0,4.0,3.0,2.0
3236.0,4.1,3.1,2.1
3238.0,4.2,3.2,2.2
3240.0,4.3,3.3,2.3
3242.0,4.4,3.4,2.4
3244.0,4.5,3.5,2.5
3246.0,4.6,3.6,2.6
3248.0,4.7,3.7,2.7
3250.0,4.8,3.8,2.8
3252.0,4.9,3.9,2.9
3254.0,5.0,4.0,3.0
3256.0,5.1,4.1,3.1
3258.0,5.2,4.2,3.2
3260.0,5.3,4.3,3.3
3262.0,5.4,4.4,3.4
3264.0,5.5,4.5,3.5
3266.0,5.6,4.6,3.6
3268.0,5.7,4.7,3.7
3270.0,5.8,4.8,3.8
3272.0,5.9,4.9,3.9
3274.0,6.0,5.0,4.0
3276.0,6.1,5.1,4.1
3278.0,6.2,5.2,4.2
3280.0,6.3,5.3,4.3
3282.0,6.4,5.4,4.4
3284.0,6.5,5.5,4.5
3286.0,6.6,5.6,4.6
3288.0,6.7,5.7,4.7
3290.0,6.8,5.8,4.8
3292.0,6.9,5.9,4.9
3294.0,7.0,6.0,5.0
3296.0,7.1,6.1,5.1
3298.0,7.2,6.2,5.2
3300.0,7.3,6.3,5.3
3302.0,7.4,6.4,5.4
3304.0,7.5,6.5,5.5
3306.0,7.6,6.6,5.6
3308.0,7.7,6.7,5.7
3310.0,7.8,6.8,5.8
3312.0,7.9,6.9,5.9
3314.0,8.0,7.0,6.0
3316.0,8.1,7.1,6.1
3318.0,8.2,7.2,6.2
3320.0,8.3,7.3,6.3
3322.0,8.4,7.4,6.4
3324.0,8.5,7.5,6.5
3326.0,8.6,7.6,6.6
3328.0,8.7,7.7,6.7
3330.0,8.8,7.8,6.8
3332.0,8.9,7.9,6.9
3334.0,9.0,8.0,7.0
3336.0,9.1,8.1,7.1
3338.0,9.2,8.2,7.2
3340.0,9.3,8.3,7.3
3342.0,9.4,8.4,7.4
3344.0,9.5,8.5,7.5
3346.0,9.6,8.6,7.6
3348.0,9.7,8.7,7.7
3350.0,9.8,8.8,7.8
3352.0,9.9,8.9,7.9
3354.0,10.0,9.0,8.0
3356.0,10.1,9.1,8.1
3358.0,10.2,9.2,8.2
3360.0,10.3,9.3,8.3
3362.0,10.4,9.4,8.4
3364.0,10.5,9.5,8.5
3366.0,10.6,9.6,8.6
3368.0,10.7,9.7,8.7
3370.0,10.8,9.8,8.8
3372.0,10.9,9.9,8.9
3374.0,11.0,10.0,9.0
3376.0,11.1,10.1,9.1
3378.0,11.2,10.2,9.2
3380.0,11.3,10.3,9.3
3382.0,11.4,10.4,9.4
3384.0,11.5,10.5,9.5
3386.0,11.6,10.6,9.6
3388.0,11.7,10.7,9.7
3390.0,11.8,10.8,9.8
3392.0,11.9,10.9,9.9
3394.0,3.0,2.0,1.0
3396.0,3.1,2.1,1.1
3398.0,3.2,2.2,1.2
3400.0,3.3,2.3,1.3
3402.0,3.4,2.4,1.4
3404.0,3.5,2.5,1.5
3406.0,3.6,2.6,1.6
3408.0,3.7,2.7,1.7
3410.0,3.8,2.8,1.8
3412.0,3.9,2.9,1.9
3414.0,4.0,3.0,2.0
3416.0,4.1,3.1,2.1
3418.0,4.2,3.2,2.2
3420.0,4.3,3.3,2.3
3422.0,4.4,3.4,2.4
3424.0,4.5,3.5,2.5
3426.0,4.6,3.6,2.6
3428.0,4.7,3.7,2.7
3430.0,4.8,3.8,2.8
3432.0,4.9,3.9,2.9
3434.0,5.0,4.0,3.0
3436.0,5.1,4.1,3.1
3438.0,5.2,4.2,3.2
3440.0,5.3,4.3,3.3
3442.0,5.4,4.4,3.4
3444.0,5.5,4.5,3.5
3446.0,5.6,4.6,3.6
3448.0,5.7,4.7,3.7
3450.0,5.8,4.8,3.8
3452.0,5.9,4.9,3.9
3454.0,6.0,5.0,4.0
3456.0,6.1,5.1,4.1
3458.0,6.2,5.2,4.2
3460.0,6.3,5.3,4.3
3462.0,6.4,5.4,4.4
3464.0,6.5,5.5,4.5
3466.0,6.6,5.6,4.6
3468.0,6.7,5.7,4.7
3470.0,6.8,5.8,4.8
3472.0,6.9,5.9,4.9
3474.0,7.0,6.0,5.0
3476.0,7.1,6.1,5.1
3478.0,7.2,6.2,5.2
3480.0,7.3,6.3,5.3
3482.0,7.4,6.4,5.4
3484.0,7.5,6.5,5.5
3486.0,7.6,6.6,5.6
3488.0,7.7,6.7,5.7
3490.0,7.8,6.8,5.8
3492.0,7.9,6.9,5.9
3494.0,8.0,7.0,6.0
3496.0,8.1,7.1,6.1
3498.0,8.2,7.2,6.2
3500.0,8.3,7.3,6.3
3502.0,8.4,7.4,6.4
3504.0,8.5,7.5,6.5
3506.0,8.6,7.6,6.6
3508.0,8.7,7.7,6.7
3510.0,8.8,7.8,6.8
3512.0,8.9,7.9,6.9
3514.0,9.0,8.0,7.0
3516.0,9.1,8.1,7.1
3518.0,9.2,8.2,7.2
3520.0,9.3,8.3,7.3
3522.0,9.4,8.4,7.4
3524.0,9.5,8.5,7.5
3526.0,9.6,8.6,7.6
3528.0,9.7,8.7,7.7
3530.0,9.8,8.8,7.8
3532.0,9.9,8.9,7.9
3534.0,10.0,9.0,8.0
3536.0,10.1,9.1,8.1
3538.0,10.2,9.2,8.2
3540.0,10.3,9.3,8.3
3542.0,10.4,9.4,8.4
3544.0,10.5,9.5,8.5
3546.0,10.6,9.6,8.6
3548.0,10.7,9.7,8.7
3550.0,10.8,9.8,8.8
3552.0,10.9,9.9,8.9
3554.0,11.0,10.0,9.0
3556.0,11.1,10.1,9.1
3558.0,11.2,10.2,9.2
3560.0,11.3,10.3,9.3
3562.0,11.4,10.4,9.4
3564.0,11.5,10.5,9.5
3566.0,11.6,10.6,9.6
3568.0,11.7,10.7,9.7
3570.0,11.8,10.8,9.8
3572.0,11.9,10.9,9.9
3574.0,3.0,2.0,1.0
3576.0,3.1,2.1,1.1
3578.0,3.2,2.2,1.2
3580.0,3.3,2.3,1.3
3582.0,3.4,2.4,1.4
3584.0,3.5,2.5,1.5
3586.0,3.6,2.6,1.6
3588.0,3.7,2.7,1.7
3590.0,3.8,2.8,1.8
3592.0,3.9,2.9,1.9
3594.0,4.0,3.0,2.0
3596.0,4.1,3.1,2.1
3598.0,4.2,3.2,2.2
3600.0,4.3,3.3,2.3
3602.0,4.4,3.4,2.4
3604.0,4.5,3.5,2.5
3606.0,4.6,3.6,2.6
3608.0,4.7,3.7,2.7
3610.0,4.8,3.8,2.8
3612.0,4.9,3.9,2.9
3614.0,5.0,4.0,3.0
3616.0,5.1,4.1,3.1
3618.0,5.2,4.2,3.2
3620.0,5.3,4.3,3.3
3622.0,5.4,4.4,3.4
3624.0,5.5,4.5,3.5
3626.0,5.6,4.6,3.6
3628.0,5.7,4.7,3.7
3630.0,5.8,4.8,3.8
3632.0,5.9,4.9,3.9
3634.0,6.0,5.0,4.0
3636.0,6.1,5.1,4.1
3638.0,6.2,5.2,4.2
3640.0,6.3,5.3,4.3
3642.0,6.4,5.4,4.4
3644.0,6.5,5.5,4.5
3646.0,6.6,5.6,4.6
3648.0,6.7,5.7,4.7
3650.0,6.8,5.8,4.8
3652.0,6.9,5.9,4.9
3654.0,7.0,6.0,5.0
3656.0,7.1,6.1,5.1
3658.0,7.2,6.2,5.2
3660.0,7.3,6.3,5.3
3662.0,7.4,6.4,5.4
3664.0,7.5,6.5,5.5
3666.0,7.6,6.6,5.6
3668.0,7.7,6.7,5.7
3670.0,7.8,6.8,5.8
3672.0,7.9,6.9,5.9
3674.0,8.0,7.0,6.0
3676.0,8.1,7.1,6.1
3678.0,8.2,7.2,6.2
3680.0,8.3,7.3,6.3
3682.0,8.4,7.4,6.4
3684.0,8.5,7.5,6.5
3686.0,8.6,7.6,6.6
3688.0,8.7,7.7,6.7
3690.0,8.8,7.8,6.8
3692.0,8.9,7.9,6.9
3694.0,9.0,8.0,7.0
3696.0,9.1,8.1,7.1
3698.0,9.2,8.2,7.2
3700.0,9.3,8.3,7.3
3702.0,9.4,8.4,7.4
3704.0,9.5,8.5,7.5
3706.0,9.6,8.6,7.6
3708.0,9.7,8.7,7.7
3710.0,9.8,8.8,7.8
3712.0,9.9,8.9,7.9
3714.0,10.0,9.0,8.0
3716.0,10.1,9.1,8.1
3718.0,10.2,9.2,8.2
3720.0,10.3,9.3,8.3
3722.0,10.4,9.4,8.4
3724.0,10.5,9.5,8.5
3726.0,10.6,9.6,8.6
3728.0,10.7,9.7,8.7
3730.0,10.8,9.8,8.8
3732.0,10.9,9.9,8.9
3734.0,11.0,10.0,9.0
3736.0,11.1,10.1,9.1
3738.0,11.2,10.2,9.2
3740.0,11.3,10.3,9.3
3742.0,11.4,10.4,9.4
3744.0,11.5,10.5,9.5
3746.0,11.6,10.6,9.6
3748.0,11.7,10.7,9.7
3750.0,11.8,10.8,9.8
3752.0,11.9,10.9,9.9
3754.0,3.0,2.0,1.0
3756.0,3.1,2.1,1.1
3758.0,3.2,2.2,1.2
3760.0,3.3,2.3,1.3
3762.0,3.4,2.4,1.4
3764.0,3.5,2.5,1.5
3766.0,3.6,2.6,1.6
3768.0,3.7,2.7,1.7
3770.0,3.8,2.8,1.8
3772.0,3.9,2.9,1.9
3774.0,4.0,3.0,2.0
3776.0,4.1,3.1,2.1
3778.0,4.2,3.2,2.2
3780.0,4.3,3.3,2.3
3782.0,4.4,3.4,2.4
3784.0,4.5,3.5,2.5
3786.0,4.6,3.6,2.6
3788.0,4.7,3.7,2.7
3790.0,4.8,3.8,2.8
3792.0,4.9,3.9,2.9
3794.0,5.0,4.0,3.0
3796.0,5.1,4.1,3.1
3798.0,5.2,4.2,3.2
3800.0,5.3,4.3,3.3
3802.0,5.4,4.4,3.4
3804.0,5.5,4.5,3.5
3806.0,5.6,4.6,3.6
3808.0,5.7,4.7,3.7
3810.0,5.8,4.8,3.8
3812.0,5.9,4.9,3.9
3814.0,6.0,5.0,4.0
3816.0,6.1,5.1,4.1
3818.0,6.2,5.2,4.2
3820.0,6.3,5.3,4.3
3822.0,6.4,5.4,4.4
3824.0,6.5,5.5,4.5
3826.0,6.6,5.6,4.6
3828.0,6.7,5.7,4.7
3830.0,6.8,5.8,4.8
3832.0,6.9,5.9,4.9
3834.0,7.0,6.0,5.0
3836.0,7.1,6.1,5.1
3838.0,7.2,6.2,5.2
3840.0,7.3,6.3,5.3
3842.0,7.4,6.4,5.4
3844.0,7.5,6.5,5.5
3846.0,7.6,6.6,5.6
3848.0,7.7,6.7,5.7
3850.0,7.8,6.8,5.8
3852.0,7.9,6.9,5.9
3854.0,8.0,7.0,6.0
3856.0,8.1,7.1,6.1
3858.0,8.2,7.2,6.2
3860.0,8.3,7.3,6.3
3862.0,8.4,7.4,6.4
3864.0,6.7,7.5,6.5
3866.0,8.8,7.8,6.8
3868.0,8.9,7.9,6.9
3870.0,9.0,8.0,7.0
3872.0,9.1,8.1,7.1
3874.0,9.2,8.2,7.2
3876.0,9.3,8.3,7.3
3878.0,9.4,8.4,7.4
3880.0,9.5,8.5,7.5
3882.0,9.6,8.6,7.6
3884.0,9.7,8.7,7.7
3886.0,9.8,8.8,7.8
3888.0,9.9,8.9,7.9
3890.0,10.0,9.0,8.0
3892.0,10.1,9.1,8.1
3894.0,10.2,9.2,8.2
3896.0,10.3,9.3,8.3
3898.0,10.4,9.4,8.4
3900.0,10.5,9.5,8.5
3902.0,10.6,9.6,8.6
3904.0,10.7,9.7,8.7
3906.0,10.8,9.8,8.8
3908.0,10.9,9.9,8.9
3910.0,11.0,10.0,9.0
3912.0,11.1,10.1,9.1
3914.0,11.2,10.2,9.2
3916.0,11.3,10.3,9.3
3918.0,11.4,10.4,9.4
3920.0,11.5,10.5,9.5
3922.0,11.6,10.6,9.6
3924.0,11.7,10.7,9.7
3926.0,11.8,10.8,9.8
3928.0,11.9,10.9,9.9
3930.0,3.0,2.0,1.0
3932.0,3.1,2.1,1.1
3934.0,3.2,2.2,1.2
3936.0,3.3,2.3,1.3
3938.0,3.4,2.4,1.4
3940.0,3.5,2.5,1.5
3942.0,3.6,2.6,1.6
3944.0,3.7,2.7,1.7
3946.0,3.8,2.8,1.8
3948.0,3.9,2.9,1.9
3950.0,4.0,3.0,2.0
3952.0,4.1,3.1,2.1
3954.0,4.2,3.2,2.2
3956.0,4.3,3.3,2.3
3958.0,4.4,3.4,2.4
3960.0,4.5,3.5,2.5
3962.0,4.6,3.6,2.6
3964.0,4.7,3.7,2.7
3966.0,4.8,3.8,2.8
3968.0,4.9,3.9,2.9
3970.0,5.0,4.0,3.0
3972.0,5.1,4.1,3.1
3974.0,5.2,4.2,3.2
3976.0,5.3,4.3,3.3
3978.0,5.4,4.4,3.4
3980.0,5.5,4.5,3.5
3982.0,5.6,4.6,3.6
3984.0,5.7,4.7,3.7
3986.0,5.8,4.8,3.8
3988.0,5.9,4.9,3.9
3990.0,6.0,5.0,4.0
3992.0,6.1,5.1,4.1
3994.0,6.2,5.2,4.2
3996.0,6.3,5.3,4.3
3998.0,6.4,5.4,4.4
4000.0,6.5,5.5,4.5
4002.0,6.6,5.6,4.6
4004.0,6.7,5.7,4.7
4006.0,6.8,5.8,4.8
4008.0,6.9,5.9,4.9
4010.0,7.0,6.0,5.0
4012.0,7.1,6.1,5.1
4014.0,7.2,6.2,5.2
4016.0,7.3,6.3,5.3
4018.0,7.4,6.4,5.4
4020.0,7.5,6.5,5.5
4022.0,7.6,6.6,5.6
4024.0,7.7,6.7,5.7
4026.0,7.8,6.8,5.8
4028.0,7.9,6.9,5.9
4030.0,8.0,7.0,6.0
4032.0,8.1,7.1,6.1
4034.0,8.2,7.2,6.2
4036.0,8.3,7.3,6.3
4038.0,8.4,7.4,6.4
4040.0,8.5,7.5,6.5
4042.0,8.6,7.6,6.6
4044.0,8.7,7.7,6.7
4046.0,8.8,7.8,6.8
4048.0,8.9,7.9,6.9
4050.0,9.0,8.0,7.0
4052.0,9.1,8.1,7.1
4054.0,9.2,8.2,7.2
4056.0,9.3,8.3,7.3
4058.0,9.4,8.4,7.4
4060.0,9.5,8.5,7.5
4062.0,9.6,8.6,7.6
4064.0,9.7,8.7,7.7
4066.0,9.8,8.8,7.8
4068.0,9.9,8.9,7.9
4070.0,10.0,9.0,8.0
4072.0,10.1,9.1,8.1
4074.0,10.2,9.2,8.2
4076.0,10.3,9.3,8.3
4078.0,10.4,9.4,8.4
4080.0,10.5,9.5,8.5
4082.0,10.6,9.6,8.6
4084.0,10.7,9.7,8.7
4086.0,10.8,9.8,8.8
4088.0,10.9,9.9,8.9
4090.0,11.0,10.0,9.0
4092.0,11.1,10.1,9.1
4094.0,11.2,10.2,9.2
4096.0,11.3,10.3,9.3
4098.0,11.4,10.4,9.4
4100.0,11.5,10.5,9.5
4102.0,11.6,10.6,9.6
4104.0,11.7,10.7,9.7
4106.0,11.8,10.8,9.8
4108.0,11.9,10.9,9.9
4110.0,3.0,2.0,1.0
4112.0,3.1,2.1,1.1
4114.0,3.2,2.2,1.2
4116.0,3.3,2.3,1.3
4118.0,3.4,2.4,1.4
4120.0,3.5,2.5,1.5
4122.0,3.6,2.6,1.6
4124.0,3.7,2.7,1.7
4126.0,3.8,2.8,1.8
4128.0,3.9,2.9,1.9
4130.0,4.0,3.0,2.0
4132.0,4.1,3.1,2.1
4134.0,4.2,3.2,2.2
4136.0,4.3,3.3,2.3
4138.0,4.4,3.4,2.4
4140.0,4.5,3.5,2.5
4142.0,4.6,3.6,2.6
4144.0,4.7,3.7,2.7
4146.0,4.8,3.8,2.8
4148.0,4.9,3.9,2.9
4150.0,5.0,4.0,3.0
4152.0,5.1,4.1,3.1
4154.0,5.2,4.2,3.2
4156.0,5.3,4.3,3.3
4158.0,5.4,4.4,3.4
4160.0,5.5,4.5,3.5
4162.0,5.6,4.6,3.6
4164.0,5.7,4.7,3.7
4166.0,5.8,4.8,3.8
4168.0,5.9,4.9,3.9
4170.0,6.0,5.0,4.0
4172.0,6.1,5.1,4.1
4174.0,6.2,5.2,4.2
4176.0,6.3,5.3,4.3
4178.0,6.4,5.4,4.4
4180.0,6.5,5.5,4.5
4182.0,6.6,5.6,4.6
4184.0,6.7,5.7,4.7
4186.0,6.8,5.8,4.8
4188.0,6.9,5.9,4.9
4190.0,7.0,6.0,5.0
4192.0,7.1,6.1,5.1
4194.0,7.2,6.2,5.2
4196.0,7.3,6.3,5.3
4198.0,7.4,6.4,5.4
4200.0,7.5,6.5,5.5
4202.0,7.6,6.6,5.6
4204.0,7.7,6.7,5.7
4206.0,7.8,6.8,5.8
4208.0,7.9,6.9,5.9
4210.0,8.0,7.0,6.0
4212.0,8.1,7.1,6.1
4214.0,8.2,7.2,6.2
4216.0,8.3,7.3,6.3
4218.0,8.4,7.4,6.4
4220.0,8.5,7.5,6.5
4222.0,8.6,7.6,6.6
4224.0,8.7,7.7,6.7
4226.0,8.8,7.8,6.8
4228.0,8.9,7.9,6.9
4230.0,9.0,8.0,7.0
4232.0,9.1,8.1,7.1
4234.0,9.2,8.2,7.2
4236.0,9.3,8.3,7.3
4238.0,9.4,8.4,7.4
4240.0,9.5,8.5,7.5
4242.0,9.6,8.6,7.6
4244.0,9.7,8.7,7.7
4246.0,9.8,8.8,7.8
4248.0,9.9,8.9,7.9
4250.0,10.0,9.0,8.0
4252.0,10.1,9.1,8.1
4254.0,10.2,9.2,8.2
4256.0,10.3,9.3,8.3
4258.0,10.4,9.4,8.4
4260.0,10.5,9.5,8.5
4262.0,10.6,9.6,8.6
4264.0,10.7,9.7,8.7
4266.0,10.8,9.8,8.8
4268.0,10.9,9.9,8.9
4270.0,11.0,10.0,9.0
4272.0,11.1,10.1,9.1
4274.0,11.2,10.2,9.2
4276.0,11.3,10.3,9.3
4278.0,11.4,10.4,9.4
4280.0,11.5,10.5,9.5
4282.0,11.6,10.6,9.6
4284.0,11.7,10.7,9.7
4286.0,11.8,10.8,9.8
4288.0,11.9,10.9,9.9
4290.0,3.0,2.0,1.0
4292.0,3.1,2.1,1.1
4294.0,3.2,2.2,1.2
4296.0,3.3,2.3,1.3
4298.0,3.4,2.4,1.4
4300.0,3.5,2.5,1.5
4302.0,3.6,2.6,1.6
4304.0,3.7,2.7,1.7
4306.0,3.8,2.8,1.8
4308.0,3.9,2.9,1.9
4310.0,4.0,3.0,2.0
4312.0,4.1,3.1,2.1
4314.0,4.2,3.2,2.2
4316.0,4.3,3.3,2.3
4318.0,4.4,3.4,2.4
4320.0,4.5,3.5,2.5
4322.0,4.6,3.6,2.6
4324.0,4.7,3.7,2.7
4326.0,4.8,3.8,2.8
4328.0,4.9,3.9,2.9
4330.0,5.0,4.0,3.0
4332.0,5.1,4.1,3.1
4334.0,5.2,4.2,3.2
4336.0,5.3,4.3,3.3
4338.0,5.4,4.4,3.4
4340.0,5.5,4.5,3.5
4342.0,5.6,4.6,3.6
4344.0,5.7,4.7,3.7
4346.0,5.8,4.8,3.8
4348.0,5.9,4.9,3.9
4350.0,6.0,5.0,4.0
4352.0,6.1,5.1,4.1
4354.0,6.2,5.2,4.2
4356.0,6.3,5.3,4.3
4358.0,6.4,5.4,4.4
4360.0,6.5,5.5,4.5
4362.0,6.6,5.6,4.6
4364.0,6.7,5.7,4.7
4366.0,6.8,5.8,4.8
4368.0,6.9,5.9,4.9
4370.0,7.0,6.0,5.0
4372.0,7.1,6.1,5.1
4374.0,7.2,6.2,5.2
4376.0,7.3,6.3,5.3
4378.0,7.4,6.4,5.4
4380.0,7.5,6.5,5.5
4382.0,7.6,6.6,5.6
4384.0,7.7,6.7,5.7
4386.0,7.8,6.8,5.8
4388.0,7.9,6.9,5.9
4390.0,8.0,7.0,6.0
4392.0,8.1,7.1,6.1
4394.0,8.2,7.2,6.2
4396.0,8.3,7.3,6.3
4398.0,8.4,7.4,6.4
4400.0,8.5,7.5,6.5
4402.0,8.6,7.6,6.6
4404.0,8.7,7.7,6.7
4406.0,8.8,7.8,6.8
4408.0,8.9,7.9,6.9
4410.0,9.0,8.0,7.0
4412.0,9.1,8.1,7.1
4414.0,9.2,8.2,7.2
4416.0,9.3,8.3,7.3
4418.0,9.4,8.4,7.4
4420.0,9.5,8.5,7.5
4422.0,9.6,8.6,7.6
4424.0,9.7,8.7,7.7
4426.0,9.8,8.8,7.8
4428.0,9.9,8.9,7.9
4430.0,10.0,9.0,8.0
4432.0,10.1,9.1,8.1
4434.0,10.2,9.2,8.2
4436.0,10.3,9.3,8.3
4438.0,10.4,9.4,8.4
4440.0,10.5,9.5,8.5
4442.0,10.6,9.6,8.6
4444.0,10.7,9.7,8.7
4446.0,10.8,9.8,8.8
4448.0,10.9,9.9,8.9
4450.0,11.0,10.0,9.0
4452.0,11.1,10.1,9.1
4454.0,11.2,10.2,9.2
4456.0,11.3,10.3,9.3
4458.0,11.4,10.4,9.4
4460.0,11.5,10.5,9.5
4462.0,11.6,10.6,9.6
4464.0,11.7,10.7,9.7
4466.0,11.8,10.8,9.8
4468.0,11.9,10.9,9.9
4470.0,3.0,2.0,1.0
4472.0,3.1,2.1,1.1
4474.0,3.2,2.2,1.2
4476.0,3.3,2.3,1.3
4478.0,3.4,2.4,1.4
4480.0,3.5,2.5,1.5
4482.0,3.6,2.6,1.6
4484.0,3.7,2.7,1.7
4486.0,3.8,2.8,1.8
4488.0,3.9,2.9,1.9
4490.0,4.0,3.0,2.0
4492.0,4.1,3.1,2.1
4494.0,4.2,3.2,2.2
4496.0,4.3,3.3,2.3
4498.0,4.4,3.4,2.4
4500.0,4.5,3.5,2.5
4502.0,4.6,3.6,2.6
4504.0,4.7,3.7,2.7
4506.0,4.8,3.8,2.8
4508.0,4.9,3.9,2.9
4510.0,5.0,4.0,3.0
4512.0,5.1,4.1,3.1
4514.0,5.2,4.2,3.2
4516.0,5.3,4.3,3.3
4518.0,5.4,4.4,3.4
4520.0,5.5,4.5,3.5
4522.0,5.6,4.6,3.6
4524.0,5.7,4.7,3.7
4526.0,5.8,4.8,3.8
4528.0,5.9,4.9,3.9
4530.0,6.0,5.0,4.0
4532.0,6.1,5.1,4.1
4534.0,6.2,5.2,4.2
4536.0,6.3,5.3,4.3
4538.0,6.4,5.4,4.4
4540.0,4.7,5.5,4.5
4542.0,6.8,5.8,4.8
4544.0,6.9,5.9,4.9
4546.0,7.0,6.0,5.0
4548.0,7.1,6.1,5.1
4550.0,7.2,6.2,5.2
4552.0,7.3,6.3,5.3
4554.0,7.4,6.4,5.4
4556.0,7.5,6.5,5.5
4558.0,7.6,6.6,5.6
4560.0,7.7,6.7,5.7
4562.0,7.8,6.8,5.8
4564.0,7.9,6.9,5.9
4566.0,8.0,7.0,6.0
4568.0,8.1,7.1,6.1
4570.0,8.2,7.2,6.2
4572.0,8.3,7.3,6.3
4574.0,8.4,7.4,6.4
4576.0,8.5,7.5,6.5
4578.0,8.6,7.6,6.6
4580.0,8.7,7.7,6.7
4582.0,8.8,7.8,6.8
4584.0,8.9,7.9,6.9
4586.0,9.0,8.0,7.0
4588.0,9.1,8.1,7.1
4590.0,9.2,8.2,7.2
4592.0,9.3,8.3,7.3
4594.0,9.4,8.4,7.4
4596.0,9.5,8.5,7.5
4598.0,9.6,8.6,7.6
4600.0,9.7,8.7,7.7
4602.0,9.8,8.8,7.8
4604.0,9.9,8.9,7.9
4606.0,10.0,9.0,8.0
4608.0,10.1,9.1,8.1
4610.0,10.2,9.2,8.2
4612.0,10.3,9.3,8.3
4614.0,10.4,9.4,8.4
4616.0,10.5,9.5,8.5
4618.0,10.6,9.6,8.6
4620.0,10.7,9.7,8.7
4622.0,10.8,9.8,8.8
4624.0,10.9,9.9,8.9
4626.0,11.0,10.0,9.0
4628.0,11.1,10.1,9.1
4630.0,11.2,10.2,9.2
4632.0,11.3,10.3,9.3
4634.0,11.4,10.4,9.4
4636.0,11.5,10.5,9.5
4638.0,11.6,10.6,9.6
4640.0,11.7,10.7,9.7
4642.0,11.8,10.8,9.8
4644.0,11.9,10.9,9.9
4646.0,3.0,2.0,1.0
4648.0,3.1,2.1,1.1
4650.0,3.2,2.2,1.2
4652.0,3.3,2.3,1.3
4654.0,3.4,2.4,1.4
4656.0,3.5,2.5,1.5
4658.0,3.6,2.6,1.6
4660.0,3.7,2.7,1.7
4662.0,3.8,2.8,1.8
4664.0,3.9,2.9,1.9
4666.0,4.0,3.0,2.0
4668.0,4.1,3.1,2.1
4670.0,4.2,3.2,2.2
4672.0,4.3,3.3,2.3
4674.0,4.4,3.4,2.4
4676.0,4.5,3.5,2.5
4678.0,4.6,3.6,2.6
4680.0,4.7,3.7,2.7
4682.0,4.8,3.8,2.8
4684.0,4.9,3.9,2.9
4686.0,5.0,4.0,3.0
4688.0,5.1,4.1,3.1
4690.0,5.2,4.2,3.2
4692.0,5.3,4.3,3.3
4694.0,5.4,4.4,3.4
4696.0,5.5,4.5,3.5
4698.0,5.6,4.6,3.6
4700.0,5.7,4.7,3.7
4702.0,5.8,4.8,3.8
4704.0,5.9,4.9,3.9
4706.0,6.0,5.0,4.0
4708.0,6.1,5.1,4.1
4710.0,6.2,5.2,4.2
4712.0,6.3,5.3,4.3
4714.0,6.4,5.4,4.4
4716.0,6.5,5.5,4.5
4718.0,6.6,5.6,4.6
4720.0,6.7,5.7,4.7
4722.0,6.8,5.8,4.8
4724.0,6.9,5.9,4.9
4726.0,7.0,6.0,5.0
4728.0,7.1,6.1,5.1
4730.0,7.2,6.2,5.2
4732.0,7.3,6.3,5.3
4734.0,7.4,6.4,5.4
4736.0,7.5,6.5,5.5
4738.0,7.6,6.6,5.6
4740.0,7.7,6.7,5.7
4742.0,7.8,6.8,5.8
4744.0,7.9,6.9,5.9
4746.0,8.0,7.0,6.0
4748.0,8.1,7.1,6.1
4750.0,8.2,7.2,6.2
4752.0,8.3,7.3,6.3
4754.0,8.4,7.4,6.4
4756.0,8.5,7.5,6.5
4758.0,8.6,7.6,6.6
4760.0,8.7,7.7,6.7
4762.0,8.8,7.8,6.8
4764.0,8.9,7.9,6.9
4766.0,9.0,8.0,7.0
4768.0,9.1,8.1,7.1
4770.0,9.2,8.2,7.2
4772.0,9.3,8.3,7.3
4774.0,9.4,8.4,7.4
4776.0,9.5,8.5,7.5
4778.0,9.6,8.6,7.6
4780.0,9.7,8.7,7.7
4782.0,9.8,8.8,7.8
4784.0,9.9,8.9,7.9
4786.0,10.0,9.0,8.0
4788.0,10.1,9.1,8.1
4790.0,10.2,9.2,8.2
4792.0,10.3,9.3,8.3
4794.0,10.4,9.4,8.4
4796.0,10.5,9.5,8.5
4798.0,10.6,9.6,8.6
4800.0,10.7,9.7,8.7
4802.0,10.8,9.8,8.8
4804.0,10.9,9.9,8.9
4806.0,11.0,10.0,9.0
4808.0,11.1,10.1,9.1
4810.0,11.2,10.2,9.2
4812.0,11.3,10.3,9.3
4814.0,11.4,10.4,9.4
4816.0,11.5,10.5,9.5
4818.0,11.6,10.6,9.6
4820.0,11.7,10.7,9.7
4822.0,11.8,10.8,9.8
4824.0,11.9,10.9,9.9
4826.0,3.0,2.0,1.0
4828.0,3.1,2.1,1.1
4830.0,3.2,2.2,1.2
4832.0,3.3,2.3,1.3
4834.0,3.4,2.4,1.4
4836.0,3.5,2.5,1.5
4838.0,3.6,2.6,1.6
4840.0,3.7,2.7,1.7
4842.0,3.8,2.8,1.8
4844.0,3.9,2.9,1.9
4846.0,4.0,3.0,2.0
4848.0,4.1,3.1,2.1
4850.0,4.2,3.2,2.2
4852.0,4.3,3.3,2.3
4854.0,4.4,3.4,2.4
4856.0,4.5,3.5,2.5
4858.0,4.6,3.6,2.6
4860.0,4.7,3.7,2.7
4862.0,4.8,3.8,2.8
4864.0,4.9,3.9,2.9
4866.0,5.0,4.0,3.0
4868.0,5.1,4.1,3.1
4870.0,5.2,4.2,3.2
4872.0,5.3,4.3,3.3
4874.0,5.4,4.4,3.4
4876.0,5.5,4.5,3.5
4878.0,5.6,4.6,3.6
4880.0,5.7,4.7,3.7
4882.0,5.8,4.8,3.8
4884.0,5.9,4.9,3.9
4886.0,6.0,5.0,4.0
4888.0,6.1,5.1,4.1
4890.0,6.2,5.2,4.2
4892.0,6.3,5.3,4.3
4894.0,6.4,5.4,4.4
4896.0,6.5,5.5,4.5
4898.0,6.6,5.6,4.6
4900.0,6.7,5.7,4.7
4902.0,6.8,5.8,4.8
4904.0,6.9,5.9,4.9
4906.0,7.0,6.0,5.0
4908.0,7.1,6.1,5.1
4910.0,7.2,6.2,5.2
4912.0,7.3,6.3,5.3
4914.0,7.4,6.4,5.4
4916.0,7.5,6.5,5.5
4918.0,7.6,6.6,5.6
4920.0,7.7,6.7,5.7
4922.0,7.8,6.8,5.8
4924.0,7.9,6.9,5.9
4926.0,8.0,7.0,6.0
4928.0,8.1,7.1,6.1
4930.0,8.2,7.2,6.2
4932.0,8.3,7.3,6.3
4934.0,8.4,7.4,6.4
4936.0,8.5,7.5,6.5
4938.0,8.6,7.6,6.6
4940.0,8.7,7.7,6.7
4942.0,8.8,7.8,6.8
4944.0,8.9,7.9,6.9
4946.0,9.0,8.0,7.0
4948.0,9.1,8.1,7.1
4950.0,9.2,8.2,7.2
4952.0,9.3,8.3,7.3
4954.0,9.4,8.4,7.4
4956.0,9.5,8.5,7.5
4958.0,9.6,8.6,7.6
4960.0,9.7,8.7,7.7
4962.0,9.8,8.8,7.8
4964.0,9.9,8.9,7.9
4966.0,10.0,9.0,8.0
4968.0,10.1,9.1,8.1
4970.0,10.2,9.2,8.2
4972.0,10.3,9.3,8.3
4974.0,10.4,9.4,8.4
4976.0,10.5,9.5,8.5
4978.0,10.6,9.6,8.6
4980.0,10.7,9.7,8.7
4982.0,10.8,9.8,8.8
4984.0,10.9,9.9,8.9
4986.0,11.0,10.0,9.0
4988.0,11.1,10.1,9.1
4990.0,11.2,10.2,9.2
4992.0,11.3,10.3,9.3
4994.0,11.4,10.4,9.4
4996.0,11.5,10.5,9.5
4998.0,11.6,10.6,9.6
5000.0,11.7,10.7,9.7
5002.0,11.8,10.8,9.8
5004.0,11.9,10.9,9.9
5006.0,3.0,2.0,1.0
5008.0,3.1,2.1,1.1
5010.0,3.2,2.2,1.2
5012.0,3.3,2.3,1.3
5014.0,3.4,2.4,1.4
5016.0,3.5,2.5,1.5
5018.0,3.6,2.6,1.6
5020.0,3.7,2.7,1.7
5022.0,3.8,2.8,1.8
5024.0,3.9,2.9,1.9
5026.0,4.0,3.0,2.0
5028.0,4.1,3.1,2.1
5030.0,4.2,3.2,2.2
5032.0,4.3,3.3,2.3
5034.0,4.4,3.4,2.4
5036.0,4.5,3.5,2.5
5038.0,4.6,3.6,2.6
5040.0,4.7,3.7,2.7
5042.0,4.8,3.8,2.8
5044.0,4.9,3.9,2.9
5046.0,5.0,4.0,3.0
5048.0,5.1,4.1,3.1
5050.0,5.2,4.2,3.2
5052.0,5.3,4.3,3.3
5054.0,5.4,4.4,3.4
5056.0,5.5,4.5,3.5
5058.0,5.6,4.6,3.6
5060.0,5.7,4.7,3.7
5062.0,5.8,4.8,3.8
5064.0,5.9,4.9,3.9
5066.0,6.0,5.0,4.0
5068.0,6.1,5.1,4.1
5070.0,6.2,5.2,4.2
5072.0,6.3,5.3,4.3
5074.0,6.4,5.4,4.4
5076.0,6.5,5.5,4.5
5078.0,6.6,5.6,4.6
5080.0,6.7,5.7,4.7
5082.0,6.8,5.8,4.8
5084.0,6.9,5.9,4.9
5086.0,7.0,6.0,5.0
5088.0,7.1,6.1,5.1
5090.0,7.2,6.2,5.2
5092.0,7.3,6.3,5.3
5094.0,7.4,6.4,5.4
5096.0,7.5,6.5,5.5
5098.0,7.6,6.6,5.6
5100.0,7.7,6.7,5.7
5102.0,7.8,6.8,5.8
5104.0,7.9,6.9,5.9
5106.0,8.0,7.0,6.0
5108.0,8.1,7.1,6.1
5110.0,8.2,7.2,6.2
5112.0,8.3,7.3,6.3
5114.0,8.4,7.4,6.4
5116.0,8.5,7.5,6.5
5118.0,8.6,7.6,6.6
5120.0,8.7,7.7,6.7
5122.0,8.8,7.8,6.8
5124.0,8.9,7.9,6.9
5126.0,9.0,8.0,7.0
5128.0,9.1,8.1,7.1
5130.0,9.2,8.2,7.2
5132.0,9.3,8.3,7.3
5134.0,9.4,8.4,7.4
5136.0,9.5,8.5,7.5
5138.0,9.6,8.6,7.6
5140.0,7.9,8.7,7.7
5142.0,10.0,9.0,8.0
5144.0,10.1,9.1,8.1
5146.0,10.2,9.2,8.2
5148.0,10.3,9.3,8.3
5150.0,10.4,9.4,8.4
5152.0,10.5,9.5,8.5
5154.0,10.6,9.6,8.6
5156.0,10.7,9.7,8.7
5158.0,10.8,9.8,8.8
5160.0,10.9,9.9,8.9
5162.0,11.0,10.0,9.0
5164.0,11.1,10.1,9.1
5166.0,11.2,10.2,9.2
5168.0,11.3,10.3,9.3
5170.0,11.4,10.4,9.4
5172.0,11.5,10.5,9.5
5174.0,11.6,10.6,9.6
5176.0,11.7,10.7,9.7
5178.0,11.8,10.8,9.8
5180.0,11.9,10.9,9.9
5182.0,3.0,2.0,1.0
5184.0,3.1,2.1,1.1
5186.0,3.2,2.2,1.2
5188.0,3.3,2.3,1.3
5190.0,3.4,2.4,1.4
5192.0,3.5,2.5,1.5
5194.0,3.6,2.6,1.6
5196.0,3.7,2.7,1.7
5198.0,3.8,2.8,1.8
5200.0,3.9,2.9,1.9
5202.0,4.0,3.0,2.0
5204.0,4.1,3.1,2.1
5206.0,4.2,3.2,2.2
5208.0,4.3,3.3,2.3
5210.0,4.4,3.4,2.4
5212.0,4.5,3.5,2.5
5214.0,4.6,3.6,2.6
5216.0,4.7,3.7,2.7
5218.0,4.8,3.8,2.8
5220.0,4.9,3.9,2.9
5222.0,5.0,4.0,3.0
5224.0,5.1,4.1,3.1
5226.0,5.2,4.2,3.2
5228.0,5.3,4.3,3.3
5230.0,5.4,4.4,3.4
5232.0,5.5,4.5,3.5
5234.0,5.6,4.6,3.6
5236.0,5.7,4.7,3.7
5238.0,5.8,4.8,3.8
5240.0,5.9,4.9,3.9
5242.0,6.0,5.0,4.0
5244.0,6.1,5.1,4.1
5246.0,6.2,5.2,4.2
5248.0,6.3,5.3,4.3
5250.0,6.4,5.4,4.4
5252.0,6.5,5.5,4.5
5254.0,6.6,5.6,4.6
5256.0,6.7,5.7,4.7
5258.0,6.8,5.8,4.8
5260.0,6.9,5.9,4.9
5262.0,7.0,6.0,5.0
5264.0,7.1,6.1,5.1
5266.0,7.2,6.2,5.2
5268.0,7.3,6.3,5.3
5270.0,7.4,6.4,5.4
5272.0,7.5,6.5,5.5
5274.0,7.6,6.6,5.6
5276.0,7.7,6.7,5.7
5278.0,7.8,6.8,5.8
5280.0,7.9,6.9,5.9
5282.0,8.0,7.0,6.0
5284.0,8.1,7.1,6.1
5286.0,8.2,7.2,6.2
5288.0,8.3,7.3,6.3
5290.0,8.4,7.4,6.4
5292.0,8.5,7.5,6.5
5294.0,8.6,7.6,6.6
5296.0,8.7,7.7,6.7
5298.0,8.8,7.8,6.8
5300.0,8.9,7.9,6.9
5302.0,9.0,8.0,7.0
5304.0,9.1,8.1,7.1
5306.0,9.2,8.2,7.2
5308.0,9.3,8.3,7.3
5310.0,9.4,8.4,7.4
5312.0,9.5,8.5,7.5
5314.0,9.6,8.6,7.6
5316.0,9.7,8.7,7.7
5318.0,9.8,8.8,7.8
5320.0,9.9,8.9,7.9
5322.0,10.0,9.0,8.0
5324.0,10.1,9.1,8.1
5326.0,10.2,9.2,8.2
5328.0,10.3,9.3,8.3
5330.0,10.4,9.4,8.4
5332.0,10.5,9.5,8.5
5334.0,10.6,9.6,8.6
5336.0,10.7,9.7,8.7
5338.0,10.8,9.8,8.8
5340.0,10.9,9.9,8.9
5342.0,11.0,10.0,9.0
5344.0,11.1,10.1,9.1
5346.0,11.2,10.2,9.2
5348.0,11.3,10.3,9.3
5350.0,11.4,10.4,9.4
5352.0,11.5,10.5,9.5
5354.0,11.6,10.6,9.6
5356.0,11.7,10.7,9.7
5358.0,11.8,10.8,9.8
5360.0,11.9,10.9,9.9
5362.0,3.0,2.0,1.0
5364.0,3.1,2.1,1.1
5366.0,3.2,2.2,1.2
5368.0,3.3,2.3,1.3
5370.0,3.4,2.4,1.4
5372.0,3.5,2.5,1.5
5374.0,3.6,2.6,1.6
5376.0,3.7,2.7,1.7
5378.0,3.8,2.8,1.8
5380.0,3.9,2.9,1.9
5382.0,4.0,3.0,2.0
5384.0,4.1,3.1,2.1
5386.0,4.2,3.2,2.2
5388.0,4.3,3.3,2.3
5390.0,4.4,3.4,2.4
5392.0,4.5,3.5,2.5
5394.0,4.6,3.6,2.6
5396.0,4.7,3.7,2.7
5398.0,4.8,3.8,2.8
5400.0,4.9,3.9,2.9
5402.0,5.0,4.0,3.0
5404.0,5.1,4.1,3.1
5406.0,5.2,4.2,3.2
5408.0,5.3,4.3,3.3
5410.0,5.4,4.4,3.4
5412.0,5.5,4.5,3.5
5414.0,5.6,4.6,3.6
5416.0,5.7,4.7,3.7
5418.0,5.8,4.8,3.8
5420.0,5.9,4.9,3.9
5422.0,6.0,5.0,4.0
5424.0,6.1,5.1,4.1
5426.0,6.2,5.2,4.2
5428.0,6.3,5.3,4.3
5430.0,6.4,5.4,4.4
5432.0,6.5,5.5,4.5
5434.0,6.6,5.6,4.6
5436.0,6.7,5.7,4.7
5438.0,6.8,5.8,4.8
5440.0,6.9,5.9,4.9
5442.0,7.0,6.0,5.0
5444.0,7.1,6.1,5.1
5446.0,7.2,6.2,5.2
5448.0,7.3,6.3,5.3
5450.0,7.4,6.4,5.4
5452.0,7.5,6.5,5.5
5454.0,7.6,6.6,5.6
5456.0,7.7,6.7,5.7
5458.0,7.8,6.8,5.8
5460.0,7.9,6.9,5.9
5462.0,8.0,7.0,6.0
5464.0,8.1,7.1,6.1
5466.0,8.2,7.2,6.2
5468.0,8.3,7.3,6.3
5470.0,8.4,7.4,6.4
5472.0,8.5,7.5,6.5
5474.0,8.6,7.6,6.6
5476.0,8.7,7.7,6.7
5478.0,8.8,7.8,6.8
5480.0,8.9,7.9,6.9
5482.0,9.0,8.0,7.0
5484.0,9.1,8.1,7.1
5486.0,9.2,8.2,7.2
5488.0,9.3,8.3,7.3
5490.0,9.4,8.4,7.4
5492.0,9.5,8.5,7.5
5494.0,9.6,8.6,7.6
5496.0,9.7,8.7,7.7
5498.0,9.8,8.8,7.8
5500.0,9.9,8.9,7.9
5502.0,10.0,9.0,8.0
5504.0,10.1,9.1,8.1
5506.0,10.2,9.2,8.2
5508.0,10.3,9.3,8.3
5510.0,10.4,9.4,8.4
5512.0,10.5,9.5,8.5
5514.0,10.6,9.6,8.6
5516.0,10.7,9.7,8.7
5518.0,10.8,9.8,8.8
5520.0,10.9,9.9,8.9
5522.0,11.0,10.0,9.0
5524.0,11.1,10.1,9.1
5526.0,11.2,10.2,9.2
5528.0,11.3,10.3,9.3
5530.0,11.4,10.4,9.4
5532.0,11.5,10.5,9.5
5534.0,11.6,10.6,9.6
5536.0,11.7,10.7,9.7
5538.0,11.8,10.8,9.8
5540.0,11.9,10.9,9.9
5542.0,3.0,2.0,1.0
5544.0,3.1,2.1,1.1
5546.0,3.2,2.2,1.2
5548.0,3.3,2.3,1.3
5550.0,3.4,2.4,1.4
5552.0,3.5,2.5,1.5
5554.0,3.6,2.6,1.6
5556.0,3.7,2.7,1.7
5558.0,3.8,2.8,1.8
5560.0,3.9,2.9,1.9
5562.0,4.0,3.0,2.0
5564.0,4.1,3.1,2.1
5566.0,4.2,3.2,2.2
5568.0,4.3,3.3,2.3
5570.0,4.4,3.4,2.4
5572.0,4.5,3.5,2.5
5574.0,4.6,3.6,2.6
5576.0,4.7,3.7,2.7
5578.0,4.8,3.8,2.8
5580.0,4.9,3.9,2.9
5582.0,5.0,4.0,3.0
5584.0,5.1,4.1,3.1
5586.0,5.2,4.2,3.2
5588.0,5.3,4.3,3.3
5590.0,5.4,4.4,3.4
5592.0,5.5,4.5,3.5
5594.0,5.6,4.6,3.6
5596.0,5.7,4.7,3.7
5598.0,5.8,4.8,3.8
5600.0,5.9,4.9,3.9
5602.0,6.0,5.0,4.0
5604.0,6.1,5.1,4.1
5606.0,6.2,5.2,4.2
5608.0,6.3,5.3,4.3
5610.0,6.4,5.4,4.4
5612.0,6.5,5.5,4.5
5614.0,6.6,5.6,4.6
5616.0,6.7,5.7,4.7
5618.0,6.8,5.8,4.8
5620.0,6.9,5.9,4.9
5622.0,7.0,6.0,5.0
5624.0,7.1,6.1,5.1
5626.0,7.2,6.2,5.2
5628.0,7.3,6.3,5.3
5630.0,7.4,6.4,5.4
5632.0,7.5,6.5,5.5
5634.0,7.6,6.6,5.6
5636.0,7.7,6.7,5.7
5638.0,7.8,6.8,5.8
5640.0,7.9,6.9,5.9
5642.0,8.0,7.0,6.0
5644.0,8.1,7.1,6.1
5646.0,8.2,7.2,6.2
5648.0,8.3,7.3,6.3
5650.0,8.4,7.4,6.4
5652.0,8.5,7.5,6.5
5654.0,8.6,7.6,6.6
5656.0,8.7,7.7,6.7
5658.0,8.8,7.8,6.8
5660.0,8.9,7.9,6.9
5662.0,9.0,8.0,7.0
5664.0,9.1,8.1,7.1
5666.0,9.2,8.2,7.2
5668.0,9.3,8.3,7.3
5670.0,9.4,8.4,7.4
5672.0,9.5,8.5,7.5
5674.0,9.6,8.6,7.6
5676.0,9.7,8.7,7.7
5678.0,9.8,8.8,7.8
5680.0,9.9,8.9,7.9
5682.0,10.0,9.0,8.0
5684.0,10.1,9.1,8.1
5686.0,10.2,9.2,8.2
5688.0,10.3,9.3,8.3
5690.0,10.4,9.4,8.4
5692.0,10.5,9.5,8.5
5694.0,10.6,9.6,8.6
5696.0,10.7,9.7,8.7
5698.0,10.8,9.8,8.8
5700.0,10.9,9.9,8.9
5702.0,11.0,10.0,9.0
5704.0,11.1,10.1,9.1
5706.0,11.2,10.2,9.2
5708.0,11.3,10.3,9.3
5710.0,11.4,10.4,9.4
5712.0,11.5,10.5,9.5
5714.0,11.6,10.6,9.6
5716.0,11.7,10.7,9.7
5718.0,11.8,10.8,9.8
5720.0,11.9,10.9,9.9
5722.0,3.0,2.0,1.0
5724.0,3.1,2.1,1.1
5726.0,3.2,2.2,1.2
5728.0,3.3,2.3,1.3
5730.0,3.4,2.4,1.4
5732.0,3.5,2.5,1.5
5734.0,3.6,2.6,1.6
5736.0,3.7,2.7,1.7
5738.0,3.8,2.8,1.8
5740.0,3.9,2.9,1.9
5742.0,4.0,3.0,2.0
5744.0,4.1,3.1,2.1
5746.0,4.2,3.2,2.2
5748.0,4.3,3.3,2.3
5750.0,4.4,3.4,2.4
5752.0,4.5,3.5,2.5
5754.0,4.6,3.6,2.6
5756.0,4.7,3.7,2.7
5758.0,4.8,3.8,2.8
5760.0,4.9,3.9,2.9
5762.0,5.0,4.0,3.0
5764.0,5.1,4.1,3.1
5766.0,5.2,4.2,3.2
5768.0,5.3,4.3,3.3
5770.0,5.4,4.4,3.4
5772.0,5.5,4.5,3.5
5774.0,5.6,4.6,3.6
5776.0,5.7,4.7,3.7
5778.0,5.8,4.8,3.8
5780.0,5.9,4.9,3.9
5782.0,6.0,5.0,4.0
5784.0,6.1,5.1,4.1
5786.0,6.2,5.2,4.2
5788.0,6.3,5.3,4.3
5790.0,6.4,5.4,4.4
5792.0,6.5,5.5,4.5
5794.0,6.6,5.6,4.6
5796.0,6.7,5.7,4.7
5798.0,6.8,5.8,4.8
5800.0,6.9,5.9,4.9
5802.0,7.0,6.0,5.0
5804.0,7.1,6.1,5.1
5806.0,7.2,6.2,5.2
5808.0,7.3,6.3,5.3
5810.0,7.4,6.4,5.4
5812.0,7.5,6.5,5.5
5814.0,7.6,6.6,5.6
5816.0,7.7,6.7,5.7
5818.0,7.8,6.8,5.8
5820.0,7.9,6.9,5.9
5822.0,8.0,7.0,6.0
5824.0,8.1,7.1,6.1
5826.0,8.2,7.2,6.2
5828.0,8.3,7.3,6.3
5830.0,8.4,7.4,6.4
5832.0,6.7,7.5,6.5
5834.0,8.8,7.8,6.8
5836.0,8.9,7.9,6.9
5838.0,9.0,8.0,7.0
5840.0,9.1,8.1,7.1
5842.0,9.2,8.2,7.2
5844.0,9.3,8.3,7.3
5846.0,9.4,8.4,7.4
5848.0,9.5,8.5,7.5
5850.0,9.6,8.6,7.6
5852.0,9.7,8.7,7.7
5854.0,9.8,8.8,7.8
5856.0,9.9,8.9,7.9
5858.0,10.0,9.0,8.0
5860.0,10.1,9.1,8.1
5862.0,10.2,9.2,8.2
5864.0,10.3,9.3,8.3
5866.0,10.4,9.4,8.4
5868.0,10.5,9.5,8.5
5870.0,10.6,9.6,8.6
5872.0,10.7,9.7,8.7
5874.0,10.8,9.8,8.8
5876.0,10.9,9.9,8.9
5878.0,11.0,10.0,9.0
5880.0,11.1,10.1,9.1
5882.0,11.2,10.2,9.2
5884.0,11.3,10.3,9.3
5886.0,11.4,10.4,9.4
5888.0,11.5,10.5,9.5
5890.0,11.6,10.6,9.6
5892.0,11.7,10.7,9.7
5894.0,11.8,10.8,9.8
5896.0,11.9,10.9,9.9
5898.0,3.0,2.0,1.0
5900.0,3.1,2.1,1.1
5902.0,3.2,2.2,1.2
5904.0,3.3,2.3,1.3
5906.0,3.4,2.4,1.4
5908.0,3.5,2.5,1.5
5910.0,3.6,2.6,1.6
5912.0,3.7,2.7,1.7
5914.0,3.8,2.8,1.8
5916.0,3.9,2.9,1.9
5918.0,4.0,3.0,2.0
5920.0,4.1,3.1,2.1
5922.0,4.2,3.2,2.2
5924.0,4.3,3.3,2.3
5926.0,4.4,3.4,2.4
5928.0,4.5,3.5,2.5
5930.0,4.6,3.6,2.6
5932.0,4.7,3.7,2.7
5934.0,4.8,3.8,2.8
5936.0,4.9,3.9,2.9
5938.0,5.0,4.0,3.0
5940.0,5.1,4.1,3.1
5942.0,5.2,4.2,3.2
5944.0,5.3,4.3,3.3
5946.0,5.4,4.4,3.4
5948.0,5.5,4.5,3.5
5950.0,5.6,4.6,3.6
5952.0,5.7,4.7,3.7
5954.0,5.8,4.8,3.8
5956.0,5.9,4.9,3.9
5958.0,6.0,5.0,4.0
5960.0,6.1,5.1,4.1
5962.0,6.2,5.2,4.2
5964.0,6.3,5.3,4.3
5966.0,6.4,5.4,4.4
5968.0,6.5,5.5,4.5
5970.0,6.6,5.6,4.6
5972.0,6.7,5.7,4.7
5974.0,6.8,5.8,4.8
5976.0,6.9,5.9,4.9
5978.0,7.0,6.0,5.0
5980.0,7.1,6.1,5.1
5982.0,7.2,6.2,5.2
5984.0,7.3,6.3,5.3
5986.0,7.4,6.4,5.4
5988.0,7.5,6.5,5.5
5990.0,7.6,6.6,5.6
5992.0,7.7,6.7,5.7
5994.0,7.8,6.8,5.8
5996.0,7.9,6.9,5.9
5998.0,8.0,7.0,6.0
6000.0,8.1,7.1,6.1
6002.0,8.2,7.2,6.2
6004.0,8.3,7.3,6.3
6006.0,8.4,7.4,6.4
6008.0,8.5,7.5,6.5
6010.0,8.6,7.6,6.6
6012.0,8.7,7.7,6.7
6014.0,8.8,7.8,6.8
6016.0,8.9,7.9,6.9
6018.0,9.0,8.0,7.0
6020.0,9.1,8.1,7.1
6022.0,9.2,8.2,7.2
6024.0,9.3,8.3,7.3
6026.0,9.4,8.4,7.4
6028.0,9.5,8.5,7.5
6030.0,9.6,8.6,7.6
6032.0,9.7,8.7,7.7
6034.0,9.8,8.8,7.8
6036.0,9.9,8.9,7.9
6038.0,10.0,9.0,8.0
6040.0,10.1,9.1,8.1
6042.0,10.2,9.2,8.2
6044.0,10.3,9.3,8.3
6046.0,10.4,9.4,8.4
6048.0,10.5,9.5,8.5
6050.0,10.6,9.6,8.6
6052.0,10.7,9.7,8.7
6054.0,10.8,9.8,8.8
6056.0,10.9,9.9,8.9
6058.0,11.0,10.0,9.0
6060.0,11.1,10.1,9.1
6062.0,11.2,10.2,9.2
6064.0,11.3,10.3,9.3
6066.0,11.4,10.4,9.4
6068.0,11.5,10.5,9.5
6070.0,11.6,10.6,9.6
6072.0,11.7,10.7,9.7
6074.0,11.8,10.8,9.8
6076.0,11.9,10.9,9.9
6078.0,3.0,2.0,1.0
6080.0,3.1,2.1,1.1
6082.0,3.2,2.2,1.2
6084.0,3.3,2.3,1.3
6086.0,3.4,2.4,1.4
6088.0,3.5,2.5,1.5
6090.0,3.6,2.6,1.6
6092.0,3.7,2.7,1.7
6094.0,3.8,2.8,1.8
6096.0,3.9,2.9,1.9
6098.0,4.0,3.0,2.0
6100.0,4.1,3.1,2.1
6102.0,4.2,3.2,2.2
6104.0,4.3,3.3,2.3
6106.0,4.4,3.4,2.4
6108.0,4.5,3.5,2.5
6110.0,4.6,3.6,2.6
6112.0,4.7,3.7,2.7
6114.0,4.8,3.8,2.8
6116.0,4.9,3.9,2.9
6118.0,5.0,4.0,3.0
6120.0,5.1,4.1,3.1
6122.0,5.2,4.2,3.2
6124.0,5.3,4.3,3.3
6126.0,5.4,4.4,3.4
6128.0,5.5,4.5,3.5
6130.0,5.6,4.6,3.6
6132.0,5.7,4.7,3.7
6134.0,5.8,4.8,3.8
6136.0,5.9,4.9,3.9
6138.0,6.0,5.0,4.0
6140.0,6.1,5.1,4.1
6142.0,6.2,5.2,4.2
6144.0,6.3,5.3,4.3
6146.0,6.4,5.4,4.4
6148.0,6.5,5.5,4.5
6150.0,6.6,5.6,4.6
6152.0,6.7,5.7,4.7
6154.0,6.8,5.8,4.8
6156.0,6.9,5.9,4.9
6158.0,7.0,6.0,5.0
6160.0,7.1,6.1,5.1
6162.0,7.2,6.2,5.2
6164.0,7.3,6.3,5.3
6166.0,7.4,6.4,5.4
6168.0,7.5,6.5,5.5
6170.0,7.6,6.6,5.6
6172.0,7.7,6.7,5.7
6174.0,7.8,6.8,5.8
6176.0,7.9,6.9,5.9
6178.0,8.0,7.0,6.0
6180.0,8.1,7.1,6.1
6182.0,8.2,7.2,6.2
6184.0,8.3,7.3,6.3
6186.0,8.4,7.4,6.4
6188.0,8.5,7.5,6.5
6190.0,8.6,7.6,6.6
6192.0,8.7,7.7,6.7
6194.0,8.8,7.8,6.8
6196.0,8.9,7.9,6.9
6198.0,9.0,8.0,7.0
6200.0,9.1,8.1,7.1
6202.0,9.2,8.2,7.2
6204.0,9.3,8.3,7.3
6206.0,9.4,8.4,7.4
6208.0,9.5,8.5,7.5
6210.0,9.6,8.6,7.6
6212.0,9.7,8.7,7.7
6214.0,9.8,8.8,7.8
6216.0,9.9,8.9,7.9
6218.0,10.0,9.0,8.0
6220.0,10.1,9.1,8.1
6222.0,10.2,9.2,8.2
6224.0,10.3,9.3,8.3
6226.0,10.4,9.4,8.4
6228.0,10.5,9.5,8.5
6230.0,10.6,9.6,8.6
6232.0,10.7,9.7,8.7
6234.0,10.8,9.8,8.8
6236.0,10.9,9.9,8.9
6238.0,11.0,10.0,9.0
6240.0,11.1,10.1,9.1
6242.0,11.2,10.2,9.2
6244.0,11.3,10.3,9.3
6246.0,11.4,10.4,9.4
6248.0,11.5,10.5,9.5
6250.0,11.6,10.6,9.6
6252.0,11.7,10.7,9.7
6254.0,11.8,10.8,9.8
6256.0,11.9,10.9,9.9
6258.0,3.0,2.0,1.0
6260.0,3.1,2.1,1.1
6262.0,3.2,2.2,1.2
6264.0,3.3,2.3,1.3
6266.0,3.4,2.4,1.4
6268.0,3.5,2.5,1.5
6270.0,3.6,2.6,1.6
6272.0,3.7,2.7,1.7
6274.0,3.8,2.8,1.8
6276.0,3.9,2.9,1.9
6278.0,4.0,3.0,2.0
6280.0,4.1,3.1,2.1
6282.0,4.2,3.2,2.2
6284.0,4.3,3.3,2.3
6286.0,4.4,3.4,2.4
6288.0,4.5,3.5,2.5
6290.0,4.6,3.6,2.6
6292.0,4.7,3.7,2.7
6294.0,4.8,3.8,2.8
6296.0,4.9,3.9,2.9
6298.0,5.0,4.0,3.0
6300.0,5.1,4.1,3.1
6302.0,5.2,4.2,3.2
6304.0,5.3,4.3,3.3
6306.0,5.4,4.4,3.4
6308.0,5.5,4.5,3.5
6310.0,5.6,4.6,3.6
6312.0,5.7,4.7,3.7
6314.0,5.8,4.8,3.8
6316.0,5.9,4.9,3.9
6318.0,6.0,5.0,4.0
6320.0,6.1,5.1,4.1
6322.0,6.2,5.2,4.2
6324.0,6.3,5.3,4.3
6326.0,6.4,5.4,4.4
6328.0,6.5,5.5,4.5
6330.0,6.6,5.6,4.6
6332.0,6.7,5.7,4.7
6334.0,6.8,5.8,4.8
6336.0,6.9,5.9,4.9
6338.0,7.0,6.0,5.0
6340.0,7.1,6.1,5.1
6342.0,7.2,6.2,5.2
6344.0,7.3,6.3,5.3
6346.0,7.4,6.4,5.4
6348.0,7.5,6.5,5.5
6350.0,7.6,6.6,5.6
6352.0,7.7,6.7,5.7
6354.0,7.8,6.8,5.8
6356.0,7.9,6.9,5.9
6358.0,8.0,7.0,6.0
6360.0,8.1,7.1,6.1
6362.0,8.2,7.2,6.2
6364.0,8.3,7.3,6.3
6366.0,8.4,7.4,6.4
6368.0,8.5,7.5,6.5
6370.0,8.6,7.6,6.6
6372.0,8.7,7.7,6.7
6374.0,8.8,7.8,6.8
6376.0,8.9,7.9,6.9
6378.0,9.0,8.0,7.0
6380.0,9.1,8.1,7.1
6382.0,9.2,8.2,7.2
6384.0,9.3,8.3,7.3
6386.0,9.4,8.4,7.4
6388.0,9.5,8.5,7.5
6390.0,9.6,8.6,7.6
6392.0,9.7,8.7,7.7
6394.0,9.8,8.8,7.8
6396.0,9.9,8.9,7.9
6398.0,10.0,9.0,8.0
6400.0,10.1,9.1,8.1
6402.0,10.2,9.2,8.2
6404.0,10.3,9.3,8.3
6406.0,10.4,9.4,8.4
6408.0,10.5,9.5,8.5
6410.0,10.6,9.6,8.6
6412.0,10.7,9.7,8.7
6414.0,10.8,9.8,8.8
6416.0,10.9,9.9,8.9
6418.0,11.0,10.0,9.0
6420.0,11.1,10.1,9.1
6422.0,11.2,10.2,9.2
6424.0,11.3,10.3,9.3
6426.0,11.4,10.4,9.4
6428.0,11.5,10.5,9.5
6430.0,11.6,10.6,9.6
6432.0,11.7,10.7,9.7
6434.0,11.8,10.8,9.8
6436.0,11.9,10.9,9.9
6438.0,3.0,2.0,1.0
6440.0,3.1,2.1,1.1
6442.0,3.2,2.2,1.2
6444.0,3.3,2.3,1.3
6446.0,3.4,2.4,1.4
6448.0,3.5,2.5,1.5
6450.0,2.8,1.8,0.01
6452.0,3.9,2.9,1.9
6454.0,4.0,3.0,2.0
6456.0,4.1,3.1,2.1
6458.0,4.2,3.2,2.2
6460.0,4.3,3.3,2.3
6462.0,4.4,3.4,2.4
6464.0,4.5,3.5,2.5
6466.0,4.6,3.6,2.6
6468.0,4.7,3.7,2.7
6470.0,4.8,3.8,2.8
6472.0,4.9,3.9,2.9
6474.0,5.0,4.0,3.0
6476.0,5.1,4.1,3.1
6478.0,5.2,4.2,3.2
6480.0,5.3,4.3,3.3
6482.0,5.4,4.4,3.4
6484.0,5.5,4.5,3.5
6486.0,5.6,4.6,3.6
6488.0,5.7,4.7,3.7
6490.0,5.8,4.8,3.8
6492.0,5.9,4.9,3.9
6494.0,6.0,5.0,4.0
6496.0,6.1,5.1,4.1
6498.0,6.2,5.2,4.2
6500.0,6.3,5.3,4.3
6502.0,6.4,5.4,4.4
6504.0,6.5,5.5,4.5
6506.0,6.6,5.6,4.6
6508.0,6.7,5.7,4.7
6510.0,6.8,5.8,4.8
6512.0,6.9,5.9,4.9
6514.0,7.0,6.0,5.0
6516.0,7.1,6.1,5.1
6518.0,7.2,6.2,5.2
6520.0,7.3,6.3,5.3
6522.0,7.4,6.4,5.4
6524.0,7.5,6.5,5.5
6526.0,7.6,6.6,5.6
6528.0,7.7,6.7,5.7
6530.0,7.8,6.8,5.8
6532.0,7.9,6.9,5.9
6534.0,8.0,7.0,6.0
6536.0,8.1,7.1,6.1
6538.0,8.2,7.2,6.2
6540.0,8.3,7.3,6.3
6542.0,8.4,7.4,6.4
6544.0,8.5,7.5,6.5
6546.0,8.6,7.6,6.6
6548.0,8.7,7.7,6.7
6550.0,8.8,7.8,6.8
6552.0,8.9,7.9,6.9
6554.0,9.0,8.0,7.0
6556.0,9.1,8.1,7.1
6558.0,9.2,8.2,7.2
6560.0,9.3,8.3,7.3
6562.0,9.4,8.4,7.4
6564.0,9.5,8.5,7.5
6566.0,9.6,8.6,7.6
6568.0,9.7,8.7,7.7
6570.0,9.8,8.8,7.8
6572.0,9.9,8.9,7.9
6574.0,10.0,9.0,8.0
6576.0,10.1,9.1,8.1
6578.0,10.2,9.2,8.2
6580.0,10.3,9.3,8.3
6582.0,10.4,9.4,8.4
6584.0,10.5,9.5,8.5
6586.0,10.6,9.6,8.6
6588.0,10.7,9.7,8.7
6590.0,10.8,9.8,8.8
6592.0,10.9,9.9,8.9
6594.0,11.0,10.0,9.0
6596.0,11.1,10.1,9.1
6598.0,11.2,10.2,9.2
6600.0,11.3,10.3,9.3
6602.0,11.4,10.4,9.4
6604.0,11.5,10.5,9.5
6606.0,11.6,10.6,9.6
6608.0,11.7,10.7,9.7
6610.0,11.8,10.8,9.8
6612.0,11.9,10.9,9.9
6614.0,3.0,2.0,1.0
6616.0,3.1,2.1,1.1
6618.0,3.2,2.2,1.2
6620.0,3.3,2.3,1.3
6622.0,3.4,2.4,1.4
6624.0,3.5,2.5,1.5
6626.0,3.6,2.6,1.6
6628.0,3.7,2.7,1.7
6630.0,3.8,2.8,1.8
6632.0,3.9,2.9,1.9
6634.0,4.0,3.0,2.0
6636.0,4.1,3.1,2.1
6638.0,4.2,3.2,2.2
6640.0,4.3,3.3,2.3
6642.0,4.4,3.4,2.4
6644.0,4.5,3.5,2.5
6646.0,4.6,3.6,2.6
6648.0,4.7,3.7,2.7
6650.0,4.8,3.8,2.8
6652.0,4.9,3.9,2.9
6654.0,5.0,4.0,3.0
6656.0,5.1,4.1,3.1
6658.0,5.2,4.2,3.2
6660.0,5.3,4.3,3.3
6662.0,5.4,4.4,3.4
6664.0,5.5,4.5,3.5
6666.0,5.6,4.6,3.6
6668.0,5.7,4.7,3.7
6670.0,5.8,4.8,3.8
6672.0,5.9,4.9,3.9
6674.0,6.0,5.0,4.0
6676.0,6.1,5.1,4.1
6678.0,6.2,5.2,4.2
6680.0,6.3,5.3,4.3
6682.0,6.4,5.4,4.4
6684.0,6.5,5.5,4.5
6686.0,6.6,5.6,4.6
6688.0,6.7,5.7,4.7
6690.0,6.8,5.8,4.8
6692.0,6.9,5.9,4.9
6694.0,7.0,6.0,5.0
6696.0,7.1,6.1,5.1
6698.0,7.2,6.2,5.2
6700.0,7.3,6.3,5.3
6702.0,7.4,6.4,5.4
6704.0,7.5,6.5,5.5
6706.0,7.6,6.6,5.6
6708.0,7.7,6.7,5.7
6710.0,7.8,6.8,5.8
6712.0,7.9,6.9,5.9
6714.0,8.0,7.0,6.0
6716.0,8.1,7.1,6.1
6718.0,8.2,7.2,6.2
6720.0,8.3,7.3,6.3
6722.0,8.4,7.4,6.4
6724.0,8.5,7.5,6.5
6726.0,8.6,7.6,6.6
6728.0,8.7,7.7,6.7
6730.0,8.8,7.8,6.8
6732.0,8.9,7.9,6.9
6734.0,9.0,8.0,7.0
6736.0,9.1,8.1,7.1
6738.0,9.2,8.2,7.2
6740.0,9.3,8.3,7.3
6742.0,9.4,8.4,7.4
6744.0,9.5,8.5,7.5
6746.0,9.6,8.6,7.6
6748.0,9.7,8.7,7.7
6750.0,9.8,8.8,7.8
6752.0,9.9,8.9,7.9
6754.0,10.0,9.0,8.0
6756.0,10.1,9.1,8.1
6758.0,10.2,9.2,8.2
6760.0,10.3,9.3,8.3
6762.0,10.4,9.4,8.4
6764.0,10.5,9.5,8.5
6766.0,10.6,9.6,8.6
6768.0,10.7,9.7,8.7
6770.0,10.8,9.8,8.8
6772.0,10.9,9.9,8.9
6774.0,11.0,10.0,9.0
6776.0,11.1,10.1,9.1
6778.0,11.2,10.2,9.2
6780.0,11.3,10.3,9.3
6782.0,11.4,10.4,9.4
6784.0,11.5,10.5,9.5
6786.0,11.6,10.6,9.6
6788.0,11.7,10.7,9.7
6790.0,11.8,10.8,9.8
6792.0,11.9,10.9,9.9
6794.0,3.0,2.0,1.0
6796.0,3.1,2.1,1.1
6798.0,3.2,2.2,1.2
6800.0,3.3,2.3,1.3
6802.0,3.4,2.4,1.4
6804.0,3.5,2.5,1.5
6806.0,3.6,2.6,1.6
6808.0,3.7,2.7,1.7
6810.0,3.8,2.8,1.8
6812.0,3.9,2.9,1.9
6814.0,4.0,3.0,2.0
6816.0,4.1,3.1,2.1
6818.0,4.2,3.2,2.2
6820.0,4.3,3.3,2.3
6822.0,4.4,3.4,2.4
6824.0,4.5,3.5,2.5
6826.0,4.6,3.6,2.6
6828.0,4.7,3.7,2.7
6830.0,4.8,3.8,2.8
6832.0,4.9,3.9,2.9
6834.0,5.0,4.0,3.0
6836.0,5.1,4.1,3.1
6838.0,5.2,4.2,3.2
6840.0,5.3,4.3,3.3
6842.0,5.4,4.4,3.4
6844.0,5.5,4.5,3.5
6846.0,5.6,4.6,3.6
6848.0,5.7,4.7,3.7
6850.0,5.8,4.8,3.8
6852.0,5.9,4.9,3.9
6854.0,6.0,5.0,4.0
6856.0,6.1,5.1,4.1
6858.0,6.2,5.2,4.2
6860.0,6.3,5.3,4.3
6862.0,6.4,5.4,4.4
6864.0,6.5,5.5,4.5
6866.0,6.6,5.6,4.6
6868.0,6.7,5.7,4.7
6870.0,6.8,5.8,4.8
6872.0,6.9,5.9,4.9
6874.0,7.0,6.0,5.0
6876.0,7.1,6.1,5.1
6878.0,7.2,6.2,5.2
6880.0,7.3,6.3,5.3
6882.0,7.4,6.4,5.4
6884.0,7.5,6.5,5.5
6886.0,7.6,6.6,5.6
6888.0,7.7,6.7,5.7
6890.0,7.8,6.8,5.8
6892.0,7.9,6.9,5.9
6894.0,8.0,7.0,6.0
6896.0,8.1,7.1,6.1
6898.0,8.2,7.2,6.2
6900.0,8.3,7.3,6.3
6902.0,8.4,7.4,6.4
6904.0,8.5,7.5,6.5
6906.0,8.6,7.6,6.6
6908.0,8.7,7.7,6.7
6910.0,8.8,7.8,6.8
6912.0,8.9,7.9,6.9
6914.0,9.0,8.0,7.0
6916.0,9.1,8.1,7.1
6918.0,9.2,8.2,7.2
6920.0,9.3,8.3,7.3
6922.0,9.4,8.4,7.4
6924.0,9.5,8.5,7.5
6926.0,9.6,8.6,7.6
6928.0,9.7,8.7,7.7
6930.0,9.8,8.8,7.8
6932.0,9.9,8.9,7.9
6934.0,10.0,9.0,8.0
6936.0,10.1,9.1,8.1
6938.0,10.2,9.2,8.2
6940.0,10.3,9.3,8.3
6942.0,10.4,9.4,8.4
6944.0,10.5,9.5,8.5
6946.0,10.6,9.6,8.6
6948.0,10.7,9.7,8.7
6950.0,10.8,9.8,8.8
6952.0,10.9,9.9,8.9
6954.0,11.0,10.0,9.0
6956.0,11.1,10.1,9.1
6958.0,11.2,10.2,9.2
6960.0,11.3,10.3,9.3
6962.0,11.4,10.4,9.4
6964.0,11.5,10.5,9.5
6966.0,11.6,10.6,9.6
6968.0,11.7,10.7,9.7
6970.0,11.8,10.8,9.8
6972.0,11.9,10.9,9.9
6974.0,3.0,2.0,1.0
6976.0,3.1,2.1,1.1
6978.0,3.2,2.2,1.2
6980.0,3.3,2.3,1.3
6982.0,3.4,2.4,1.4
6984.0,3.5,2.5,1.5
6986.0,3.6,2.6,1.6
6988.0,3.7,2.7,1.7
6990.0,3.8,2.8,1.8
6992.0,3.9,2.9,1.9
6994.0,4.0,3.0,2.0
6996.0,4.1,3.1,2.1
6998.0,4.2,3.2,2.2
7000.0,4.3,3.3,2.3
7002.0,4.4,3.4,2.4
7004.0,4.5,3.5,2.5
7006.0,4.6,3.6,2.6
7008.0,4.7,3.7,2.7
7010.0,4.8,3.8,2.8
7012.0,4.9,3.9,2.9
7014.0,5.0,4.0,3.0
7016.0,5.1,4.1,3.1
7018.0,5.2,4.2,3.2
7020.0,3.5,4.3,3.3
7022.0,5.6,4.6,3.6
7024.0,5.7,4.7,3.7
7026.0,5.8,4.8,3.8
7028.0,5.9,4.9,3.9
7030.0,6.0,5.0,4.0
7032.0,6.1,5.1,4.1
7034.0,6.2,5.2,4.2
7036.0,6.3,5.3,4.3
7038.0,6.4,5.4,4.4
7040.0,6.5,5.5,4.5
7042.0,6.6,5.6,4.6
7044.0,6.7,5.7,4.7
7046.0,6.8,5.8,4.8
7048.0,6.9,5.9,4.9
7050.0,7.0,6.0,5.0
7052.0,7.1,6.1,5.1
7054.0,7.2,6.2,5.2
7056.0,7.3,6.3,5.3
7058.0,7.4,6.4,5.4
7060.0,7.5,6.5,5.5
7062.0,7.6,6.6,5.6
7064.0,7.7,6.7,5.7
7066.0,7.8,6.8,5.8
7068.0,7.9,6.9,5.9
7070.0,8.0,7.0,6.0
7072.0,8.1,7.1,6.1
7074.0,8.2,7.2,6.2
7076.0,8.3,7.3,6.3
7078.0,8.4,7.4,6.4
7080.0,8.5,7.5,6.5
7082.0,8.6,7.6,6.6
7084.0,8.7,7.7,6.7
7086.0,8.8,7.8,6.8
7088.0,8.9,7.9,6.9
7090.0,9.0,8.0,7.0
7092.0,9.1,8.1,7.1
7094.0,9.2,8.2,7.2
7096.0,9.3,8.3,7.3
7098.0,9.4,8.4,7.4
7100.0,9.5,8.5,7.5
7102.0,9.6,8.6,7.6
7104.0,9.7,8.7,7.7
7106.0,9.8,8.8,7.8
7108.0,9.9,8.9,7.9
7110.0,10.0,9.0,8.0
7112.0,10.1,9.1,8.1
7114.0,10.2,9.2,8.2
7116.0,10.3,9.3,8.3
7118.0,10.4,9.4,8.4
7120.0,10.5,9.5,8.5
7122.0,10.6,9.6,8.6
7124.0,10.7,9.7,8.7
7126.0,10.8,9.8,8.8
7128.0,10.9,9.9,8.9
7130.0,11.0,10.0,9.0
7132.0,11.1,10.1,9.1
7134.0,11.2,10.2,9.2
7136.0,11.3,10.3,9.3
7138.0,11.4,10.4,9.4
7140.0,11.5,10.5,9.5
7142.0,11.6,10.6,9.6
7144.0,11.7,10.7,9.7
7146.0,11.8,10.8,9.8
7148.0,11.9,10.9,9.9
7150.0,3.0,2.0,1.0
7152.0,3.1,2.1,1.1
7154.0,3.2,2.2,1.2
7156.0,3.3,2.3,1.3
7158.0,3.4,2.4,1.4
7160.0,3.5,2.5,1.5
7162.0,3.6,2.6,1.6
7164.0,3.7,2.7,1.7
7166.0,3.8,2.8,1.8
7168.0,3.9,2.9,1.9
7170.0,4.0,3.0,2.0
7172.0,4.1,3.1,2.1
7174.0,4.2,3.2,2.2
7176.0,4.3,3.3,2.3
7178.0,4.4,3.4,2.4
7180.0,4.5,3.5,2.5
7182.0,4.6,3.6,2.6
7184.0,4.7,3.7,2.7
7186.0,4.8,3.8,2.8
7188.0,4.9,3.9,2.9
7190.0,5.0,4.0,3.0
7192.0,5.1,4.1,3.1
7194.0,5.2,4.2,3.2
7196.0,5.3,4.3,3.3
7198.0,5.4,4.4,3.4
7200.0,5.5,4.5,3.5
7202.0,5.6,4.6,3.6
7204.0,5.7,4.7,3.7
7206.0,5.8,4.8,3.8
7208.0,5.9,4.9,3.9
7210.0,6.0,5.0,4.0
7212.0,6.1,5.1,4.1
7214.0,6.2,5.2,4.2
7216.0,6.3,5.3,4.3
7218.0,6.4,5.4,4.4
7220.0,6.5,5.5,4.5
7222.0,6.6,5.6,4.6
7224.0,6.7,5.7,4.7
7226.0,6.8,5.8,4.8
7228.0,6.9,5.9,4.9
7230.0,7.0,6.0,5.0
7232.0,7.1,6.1,5.1
7234.0,7.2,6.2,5.2
7236.0,7.3,6.3,5.3
7238.0,7.4,6.4,5.4
7240.0,7.5,6.5,5.5
7242.0,7.6,6.6,5.6
7244.0,7.7,6.7,5.7
7246.0,7.8,6.8,5.8
7248.0,7.9,6.9,5.9
7250.0,8.0,7.0,6.0
7252.0,8.1,7.1,6.1
7254.0,8.2,7.2,6.2
7256.0,8.3,7.3,6.3
7258.0,8.4,7.4,6.4
7260.0,8.5,7.5,6.5
7262.0,8.6,7.6,6.6
7264.0,8.7,7.7,6.7
7266.0,8.8,7.8,6.8
7268.0,8.9,7.9,6.9
7270.0,9.0,8.0,7.0
7272.0,9.1,8.1,7.1
7274.0,9.2,8.2,7.2
7276.0,9.3,8.3,7.3
7278.0,9.4,8.4,7.4
7280.0,9.5,8.5,7.5
7282.0,9.6,8.6,7.6
7284.0,9.7,8.7,7.7
7286.0,9.8,8.8,7.8
7288.0,9.9,8.9,7.9
7290.0,10.0,9.0,8.0
7292.0,10.1,9.1,8.1
7294.0,10.2,9.2,8.2
7296.0,10.3,9.3,8.3
7298.0,10.4,9.4,8.4
7300.0,10.5,9.5,8.5
7302.0,10.6,9.6,8.6
7304.0,10.7,9.7,8.7
7306.0,10.8,9.8,8.8
7308.0,10.9,9.9,8.9
7310.0,11.0,10.0,9.0
7312.0,11.1,10.1,9.1
7314.0,11.2,10.2,9.2
7316.0,11.3,10.3,9.3
7318.0,11.4,10.4,9.4
7320.0,11.5,10.5,9.5
7322.0,11.6,10.6,9.6
7324.0,11.7,10.7,9.7
7326.0,11.8,10.8,9.8
7328.0,11.9,10.9,9.9
7330.0,3.0,2.0,1.0
7332.0,3.1,2.1,1.1
7334.0,3.2,2.2,1.2
7336.0,3.3,2.3,1.3
7338.0,3.4,2.4,1.4
7340.0,3.5,2.5,1.5
7342.0,3.6,2.6,1.6
7344.0,3.7,2.7,1.7
7346.0,3.8,2.8,1.8
7348.0,3.9,2.9,1.9
7350.0,4.0,3.0,2.0
7352.0,4.1,3.1,2.1
7354.0,4.2,3.2,2.2
7356.0,4.3,3.3,2.3
7358.0,4.4,3.4,2.4
7360.0,4.5,3.5,2.5
7362.0,4.6,3.6,2.6
7364.0,4.7,3.7,2.7
7366.0,4.8,3.8,2.8
7368.0,4.9,3.9,2.9
7370.0,5.0,4.0,3.0
7372.0,5.1,4.1,3.1
7374.0,5.2,4.2,3.2
7376.0,5.3,4.3,3.3
7378.0,5.4,4.4,3.4
7380.0,5.5,4.5,3.5
7382.0,5.6,4.6,3.6
7384.0,5.7,4.7,3.7
7386.0,5.8,4.8,3.8
7388.0,5.9,4.9,3.9
7390.0,6.0,5.0,4.0
7392.0,6.1,5.1,4.1
7394.0,6.2,5.2,4.2
7396.0,6.3,5.3,4.3
7398.0,6.4,5.4,4.4
7400.0,6.5,5.5,4.5
7402.0,6.6,5.6,4.6
7404.0,6.7,5.7,4.7
7406.0,6.8,5.8,4.8
7408.0,6.9,5.9,4.9
7410.0,7.0,6.0,5.0
7412.0,7.1,6.1,5.1
7414.0,7.2,6.2,5.2
7416.0,7.3,6.3,5.3
7418.0,7.4,6.4,5.4
7420.0,7.5,6.5,5.5
7422.0,7.6,6.6,5.6
7424.0,7.7,6.7,5.7
7426.0,7.8,6.8,5.8
7428.0,7.9,6.9,5.9
7430.0,8.0,7.0,6.0
7432.0,8.1,7.1,6.1
7434.0,8.2,7.2,6.2
7436.0,8.3,7.3,6.3
7438.0,8.4,7.4,6.4
7440.0,8.5,7.5,6.5
7442.0,8.6,7.6,6.6
7444.0,8.7,7.7,6.7
7446.0,8.8,7.8,6.8
7448.0,8.9,7.9,6.9
7450.0,9.0,8.0,7.0
7452.0,9.1,8.1,7.1
7454.0,9.2,8.2,7.2
7456.0,9.3,8.3,7.3
7458.0,9.4,8.4,7.4
7460.0,9.5,8.5,7.5
7462.0,9.6,8.6,7.6
7464.0,9.7,8.7,7.7
7466.0,9.8,8.8,7.8
7468.0,9.9,8.9,7.9
7470.0,10.0,9.0,8.0
7472.0,10.1,9.1,8.1
7474.0,10.2,9.2,8.2
7476.0,10.3,9.3,8.3
7478.0,10.4,9.4,8.4
7480.0,10.5,9.5,8.5
7482.0,10.6,9.6,8.6
7484.0,10.7,9.7,8.7
7486.0,10.8,9.8,8.8
7488.0,10.9,9.9,8.9
7490.0,11.0,10.0,9.0
7492.0,11.1,10.1,9.1
7494.0,11.2,10.2,9.2
7496.0,11.3,10.3,9.3
7498.0,11.4,10.4,9.4
7500.0,11.5,10.5,9.5
7502.0,11.6,10.6,9.6
7504.0,11.7,10.7,9.7
7506.0,11.8,10.8,9.8
7508.0,11.9,10.9,9.9
